age,gross_monthly_income,years_continuous_experience,current_debt_to_income_ratio,number_of_dependents,home_ownership,default_status
43,3100,24,0.238,1,0,0
36,3600,17,0.215,0,0,0
45,3400,29,0.117,2,1,0
56,5700,37,0.118,2,1,0
35,8600,12,0.269,1,1,0
35,2800,19,0.137,0,0,0
56,9200,31,0.318,1,0,0
47,3000,25,0.481,3,0,0
32,2600,14,0.212,0,0,0
44,7800,24,0.247,4,1,0
32,6700,5,0.074,2,0,0
32,6800,9,0.104,1,1,0
40,2100,19,0.087,0,0,0
20,2800,0,0.286,1,1,1
20,6000,0,0.355,0,0,1
31,4300,13,0.138,2,0,0
25,2100,9,0.439,1,0,0
41,5500,12,0.467,0,0,0
27,2600,6,0.234,2,0,1
21,10700,0,0.256,2,1,0
55,13200,35,0.213,1,1,0
35,6300,17,0.259,1,0,0
38,10000,18,0.035,0,0,0
20,4000,4,0.227,1,0,1
31,5900,1,0.017,1,0,1
39,11300,23,0.376,0,0,1
24,4600,8,0.403,0,0,1
42,4000,23,0.21,3,0,0
30,1400,4,0.527,2,0,1
34,4100,13,0.577,6,1,1
30,7000,14,0.19,1,0,0
60,9100,34,0.354,4,1,0
37,5800,14,0.479,1,1,0
25,2700,2,0.171,0,0,1
47,1400,24,0.08,2,0,0
23,2700,0,0.286,0,0,0
40,3400,11,0.296,1,1,0
20,3100,2,0.295,1,0,0
22,5300,0,0.174,1,0,1
40,14700,18,0.172,1,0,0
46,5100,24,0.048,1,0,0
40,4200,24,0.262,2,1,0
36,3700,16,0.519,0,0,0
34,4700,17,0.347,1,0,0
20,2200,0,0.07,0,0,0
29,4100,4,0.149,2,1,0
32,5800,16,0.169,0,1,0
50,5600,30,0.412,1,0,0
42,5800,17,0.588,0,1,0
20,4700,0,0.103,1,0,0
41,1600,18,0.343,1,1,0
33,6000,11,0.36,3,0,1
29,2600,7,0.046,2,1,0
45,2500,26,0.146,1,0,0
50,2700,34,0.489,1,1,0
49,6600,33,0.028,2,1,0
27,3400,4,0.099,0,0,0
34,1500,13,0.609,3,1,1
41,6200,21,0.295,0,0,1
49,2100,30,0.147,2,0,0
32,4600,13,0.184,2,0,1
35,4700,10,0.35,0,0,0
24,6600,5,0.453,2,0,1
23,11500,7,0.415,2,0,1
47,2100,24,0.088,1,0,0
54,5000,34,0.243,0,0,0
37,3700,16,0.156,0,1,0
50,6100,23,0.135,1,1,0
42,5200,22,0.238,2,0,0
30,3200,8,0.347,3,1,0
42,3700,26,0.12,0,1,0
56,2800,36,0.131,1,0,0
37,7800,14,0.21,0,0,0
56,7200,40,0.475,1,0,0
20,6300,0,0.284,4,0,1
47,4000,26,0.111,2,1,0
39,3100,18,0.486,4,0,1
34,2100,9,0.23,0,0,0
39,5500,17,0.253,0,0,0
20,2000,0,0.292,0,0,1
35,13500,18,0.124,0,1,0
42,2100,21,0.113,2,0,0
55,6100,34,0.028,1,0,0
31,11000,15,0.019,3,0,1
28,5500,4,0.352,2,0,1
31,4000,1,0.202,1,1,0
48,2700,28,0.004,0,0,0
41,2000,18,0.613,0,0,0
31,6500,10,0.351,2,1,0
44,11900,26,0.176,0,1,0
39,3600,23,0.562,2,0,0
49,2500,31,0.356,0,0,0
29,900,13,0.241,1,1,0
34,2200,7,0.06,1,0,0
33,4000,13,0.219,2,0,1
20,9600,1,0.221,2,1,0
41,6700,17,0.153,0,0,0
41,5800,25,0.27,2,1,0
38,3700,21,0.405,1,0,0
35,3100,14,0.22,0,0,0
21,8500,0,0.058,3,0,1
32,4600,9,0.122,2,0,1
33,1200,12,0.641,4,0,1
28,2600,7,0.048,0,0,0
36,2600,14,0.271,3,0,0
42,3300,21,0.215,0,0,0
60,7900,44,0.336,3,0,0
40,4200,19,0.241,2,0,1
41,4600,25,0.215,2,0,1
37,9600,16,0.411,2,1,0
20,2400,1,0.353,0,0,0
37,11900,6,0.213,2,1,0
38,2900,18,0.272,0,1,0
67,6200,50,0.511,2,0,0
35,3700,15,0.257,3,1,0
41,4800,18,0.454,0,1,0
37,5400,10,0.458,2,0,1
23,5000,5,0.123,2,0,1
51,3300,35,0.123,2,0,0
47,2400,23,0.32,2,0,0
47,22600,31,0.369,1,1,0
27,3000,8,0.158,2,0,0
54,7900,35,0.324,2,1,0
21,1400,1,0.359,2,0,1
45,4000,22,0.026,1,0,0
64,5400,46,0.363,1,1,0
26,5200,7,0.16,1,1,0
31,900,11,0.271,1,0,0
39,4900,18,0.05,1,0,0
31,2000,10,0.171,0,0,0
20,4400,0,0.241,0,1,0
38,2400,14,0.294,0,1,0
25,2300,3,0.194,3,1,1
43,3900,21,0.23,1,0,0
26,2100,10,0.353,1,0,0
56,3900,35,0.282,1,1,0
28,1900,6,0.103,1,0,0
34,1400,11,0.087,4,0,1
47,9100,29,0.404,0,0,0
23,1800,5,0.371,2,1,0
40,4200,22,0.318,0,0,0
53,7800,30,0.24,0,0,0
20,2500,0,0.174,1,0,0
40,2800,21,0.147,1,1,0
41,5100,17,0.344,1,0,0
47,9400,26,0.125,3,0,0
23,1900,3,0.293,3,0,1
22,3400,2,0.347,0,0,0
44,1600,21,0.108,1,1,0
41,3600,19,0.217,2,1,0
41,4200,11,0.347,1,0,1
42,2900,25,0.238,0,0,0
29,3000,6,0.047,1,0,0
40,2000,22,0.528,1,1,0
41,4900,24,0.253,1,1,0
29,7700,9,0.119,1,0,1
60,2800,39,0.526,0,0,0
43,2800,11,0.087,1,0,0
23,5100,3,0.337,1,0,0
45,10200,29,0.261,1,1,0
26,1600,4,0.167,0,1,0
47,4600,31,0.085,3,0,1
51,6000,31,0.424,2,1,0
28,3700,7,0.208,0,0,0
49,1000,25,0.422,0,0,0
42,6000,18,0.031,0,1,0
47,12400,29,0.389,2,1,0
60,5800,40,0.452,0,1,0
35,2400,18,0.336,2,1,0
28,3100,12,0.17,1,0,0
27,11200,5,0.192,1,1,0
28,7200,12,0.274,1,1,0
37,6500,18,0.234,2,0,0
42,5900,25,0.174,0,0,0
41,2900,18,0.465,1,0,1
47,4000,19,0.132,2,0,0
38,4500,22,0.47,0,1,0
55,7600,39,0.176,1,0,0
34,10600,14,0.267,2,1,0
70,11400,49,0.38,3,0,0
45,2100,24,0.129,0,0,0
27,4600,8,0.149,0,0,0
25,6100,5,0.206,0,1,0
43,6700,21,0.267,1,1,0
35,2800,10,0.587,0,0,0
46,28700,30,0.033,0,1,0
43,2200,24,0.179,0,0,0
37,2300,16,0.242,0,1,0
27,4700,10,0.35,1,0,1
20,13000,0,0.205,1,0,0
32,2600,14,0.094,1,0,0
48,4200,28,0.234,1,1,0
40,8400,17,0.118,1,0,0
23,3800,5,0.417,1,1,0
40,3900,24,0.592,0,1,0
42,6600,23,0.258,3,0,0
27,4400,2,0.08,3,0,1
39,8500,20,0.11,0,1,0
38,10000,21,0.171,2,1,0
24,4400,0,0.487,3,0,0
42,5500,23,0.115,0,1,0
44,5400,26,0.094,0,0,0
50,6700,29,0.043,1,0,0
50,5000,26,0.284,1,1,0
21,3600,0,0.079,0,0,0
26,7700,2,0.09,0,0,0
44,11100,19,0.421,0,0,0
44,2000,26,0.301,2,1,0
44,5000,28,0.315,2,1,0
75,3900,50,0.139,2,1,0
44,3900,23,0.495,1,1,0
51,6600,35,0.41,1,0,0
49,7400,29,0.247,2,0,0
45,4400,23,0.115,2,0,0
34,1400,12,0.528,1,1,0
47,2600,24,0.095,0,1,0
28,6700,6,0.258,0,0,0
35,1000,17,0.065,2,0,1
32,8700,14,0.539,1,1,0
38,6400,22,0.22,1,0,0
65,11700,37,0.08,0,0,0
20,3200,0,0.063,1,0,1
46,1500,26,0.447,5,0,1
20,4900,3,0.157,1,0,1
32,7800,0,0.024,2,0,1
51,9100,35,0.196,1,0,0
38,3000,19,0.728,0,0,1
25,3900,3,0.178,2,0,0
29,2800,6,0.697,0,0,1
46,2800,22,0.567,0,0,1
29,6600,1,0.315,4,0,1
40,2200,17,0.145,0,0,0
38,2700,22,0.354,2,0,0
30,2200,11,0.211,1,0,1
63,2300,41,0.314,1,0,0
45,4800,16,0.123,3,0,0
20,7700,4,0.147,0,1,0
40,3900,15,0.36,1,0,1
30,1700,9,0.303,2,0,0
48,7800,24,0.032,3,1,0
28,11000,8,0.365,2,0,0
36,3100,19,0.236,0,0,1
44,3400,20,0.124,0,1,0
48,6600,25,0.453,0,0,0
23,9600,0,0.198,0,0,0
33,3100,13,0.231,3,1,0
32,1900,14,0.397,2,0,1
30,6200,14,0.196,2,0,0
59,8500,35,0.038,5,1,0
42,4600,20,0.115,4,0,0
22,2800,5,0.439,1,0,1
49,9200,31,0.087,1,1,0
63,7800,44,0.311,1,1,0
50,3300,34,0.303,3,0,0
20,3800,3,0.329,2,0,1
32,1900,16,0.246,2,0,1
53,7800,34,0.11,1,1,0
29,3500,11,0.196,0,0,0
43,3700,27,0.199,0,1,0
47,4400,18,0.504,1,1,0
26,3700,0,0.393,1,0,0
37,7800,20,0.11,3,0,0
20,5200,0,0.37,2,1,1
25,3400,3,0.066,0,1,0
34,6500,9,0.28,1,0,0
23,4900,6,0.269,2,0,0
57,3900,32,0.135,3,0,0
20,3500,2,0.064,3,0,1
32,4000,16,0.123,0,0,0
39,5900,16,0.123,2,1,0
55,4000,29,0.128,2,0,0
20,2900,0,0.37,1,0,0
51,17100,35,0.03,1,0,0
38,7600,15,0.448,1,0,1
26,2500,7,0.116,2,0,0
43,6300,19,0.302,3,1,0
40,5100,24,0.354,1,0,1
30,5400,14,0.451,1,1,0
38,5000,21,0.373,2,0,0
33,8500,12,0.163,0,0,0
39,5700,21,0.136,0,1,0
45,4500,22,0.389,0,0,0
57,9500,32,0.391,2,0,0
23,4200,0,0.266,0,0,0
63,5700,36,0.114,1,1,0
20,4400,0,0.213,1,0,1
36,4200,20,0.348,2,1,0
45,4600,19,0.101,0,1,0
41,3300,23,0.32,1,0,0
30,2500,6,0.166,1,0,0
35,2200,8,0.154,1,0,0
32,1800,10,0.238,1,0,0
30,2500,14,0.466,3,0,0
48,4600,31,0.362,0,0,0
42,4700,16,0.312,0,0,0
29,3400,9,0.74,0,0,1
48,1200,27,0.467,0,1,0
41,11400,17,0.211,0,0,0
47,9100,24,0.198,0,1,0
45,6200,23,0.386,0,0,0
28,12500,8,0.283,0,0,1
31,2300,12,0.091,0,0,0
46,14400,22,0.12,0,0,0
45,2600,22,0.09,0,1,0
37,5100,18,0.115,1,0,0
39,2000,14,0.165,0,0,0
53,5200,33,0.227,0,0,0
30,5300,13,0.168,2,1,0
44,4400,27,0.172,2,1,0
35,6900,18,0.315,2,0,1
35,4700,16,0.23,1,0,0
51,3600,26,0.483,2,1,0
47,3600,30,0.374,0,0,0
47,7800,26,0.318,2,1,0
53,3600,35,0.404,1,0,0
38,7800,19,0.105,3,1,0
46,10400,30,0.328,1,0,0
34,1500,14,0.154,0,0,0
41,9100,21,0.448,0,1,0
36,14500,13,0.232,2,0,0
39,5100,18,0.164,1,0,0
45,7100,29,0.5,0,0,0
28,7100,3,0.332,1,1,0
63,4700,42,0.207,2,0,0
25,4300,4,0.54,1,0,1
23,1800,3,0.577,1,0,1
51,5600,33,0.217,1,0,0
47,6500,26,0.038,0,1,0
45,6400,23,0.206,0,1,0
45,9400,29,0.335,1,0,0
37,2800,19,0.2,2,1,0
27,2900,8,0.102,2,0,0
38,13700,16,0.238,3,0,0
29,3500,4,0.166,0,0,0
49,5700,32,0.399,1,1,0
36,4200,17,0.056,2,0,0
28,2500,10,0.521,2,0,1
34,11600,17,0.396,2,0,1
42,3500,23,0.066,1,1,0
31,2100,7,0.122,0,0,0
28,3200,12,0.228,2,0,0
40,1300,18,0.531,2,1,0
40,3200,24,0.144,1,1,0
31,2300,13,0.199,1,0,0
32,6200,13,0.395,1,0,1
40,2800,13,0.277,2,0,0
20,6300,1,0.236,2,1,0
21,8900,5,0.111,1,0,1
29,6700,13,0.367,0,1,0
35,3800,14,0.505,4,0,1
41,4900,18,0.389,0,0,0
55,2100,33,0.258,1,0,0
48,4500,27,0.303,0,0,0
36,2500,11,0.186,1,0,0
37,6800,19,0.349,2,0,0
25,17200,1,0.29,1,1,0
37,6200,21,0.31,1,1,0
34,1300,17,0.203,1,0,0
41,3800,25,0.241,2,1,0
28,4300,9,0.167,0,1,1
44,4900,24,0.294,2,0,0
56,3300,35,0.217,2,1,0
36,5000,15,0.19,0,0,0
42,2200,25,0.769,1,0,1
46,2800,26,0.036,2,0,0
33,6500,17,0.316,1,0,0
40,2400,14,0.075,0,0,0
38,6200,19,0.239,2,0,0
39,2000,20,0.406,0,0,0
28,10600,1,0.117,2,1,0
38,2900,22,0.055,3,0,0
43,4300,27,0.33,3,0,0
55,6500,39,0.14,0,1,0
49,3500,29,0.109,0,1,0
63,6000,41,0.2,0,1,0
28,5400,5,0.568,0,0,0
48,7900,17,0.179,1,0,0
40,7700,24,0.153,2,0,1
64,5000,41,0.199,0,0,0
28,3700,10,0.095,1,1,0
27,16600,9,0.173,2,1,0
30,7400,12,0.488,3,0,1
20,2200,3,0.115,3,0,0
31,4100,4,0.12,2,0,0
28,3200,4,0.373,1,0,1
39,4200,18,0.402,0,1,0
42,2000,16,0.482,1,0,1
60,4300,44,0.047,2,1,0
49,15300,33,0.158,1,1,0
31,6200,15,0.38,2,0,0
27,900,9,0.088,0,0,0
43,9700,22,0.427,1,0,0
22,7100,1,0.387,2,1,0
59,4300,38,0.082,1,0,0
52,8100,36,0.169,2,1,0
32,2400,8,0.195,1,1,0
20,2700,0,0.326,1,0,0
54,12300,31,0.185,1,1,0
36,3900,20,0.139,0,1,0
52,1600,30,0.546,0,0,0
20,3700,4,0.175,1,0,0
30,4000,11,0.243,2,1,1
38,8900,15,0.319,2,1,0
38,4500,17,0.179,2,0,1
32,3300,15,0.349,1,0,0
45,8800,24,0.184,1,1,0
25,4300,9,0.582,1,0,0
36,2600,11,0.161,0,0,0
39,9000,19,0.188,1,1,0
44,5100,19,0.426,1,1,0
46,4900,28,0.458,2,0,0
24,4400,6,0.243,0,0,0
20,2000,3,0.606,0,0,0
53,3700,29,0.066,0,0,0
41,4600,23,0.236,1,1,0
29,3400,6,0.195,0,0,0
56,11400,37,0.24,1,0,0
39,5300,23,0.142,1,0,0
52,8700,34,0.256,4,0,1
38,4700,22,0.092,1,0,0
62,10400,41,0.212,1,1,0
59,7100,43,0.221,0,0,0
35,4200,11,0.285,1,0,0
49,4900,29,0.232,2,0,0
45,2800,25,0.185,1,1,0
54,6800,31,0.121,4,0,0
26,3700,2,0.327,1,0,1
46,3600,26,0.179,1,0,0
50,10000,33,0.339,2,0,0
20,1800,4,0.191,0,0,1
23,3000,5,0.112,0,0,0
20,6900,2,0.068,1,1,0
34,5100,13,0.146,0,0,0
46,4700,27,0.559,1,1,0
56,5900,33,0.078,2,0,0
38,5100,20,0.111,1,1,0
57,2200,37,0.239,0,1,0
21,3000,0,0.16,1,0,1
20,9600,0,0.213,2,0,1
37,3000,17,0.336,0,0,0
42,3900,24,0.513,2,0,0
37,3200,19,0.179,1,1,0
20,3600,3,0.607,1,0,1
36,3200,18,0.48,1,1,0
22,4900,0,0.145,0,0,1
46,5400,26,0.477,0,0,0
42,7700,26,0.125,0,0,0
26,1900,0,0.083,0,0,0
31,3300,9,0.113,3,1,0
25,3600,9,0.206,1,1,0
37,5900,18,0.034,2,0,0
49,3100,28,0.113,2,1,0
26,6300,0,0.051,3,0,0
44,10000,28,0.567,0,0,0
31,2200,7,0.189,0,0,1
28,2800,2,0.357,0,1,0
36,3200,18,0.169,1,0,1
25,19000,6,0.191,1,0,0
31,3300,15,0.07,1,0,0
23,10400,3,0.13,2,1,0
61,2600,41,0.285,1,0,0
38,2400,15,0.068,2,0,0
29,2500,4,0.157,0,1,0
40,2800,22,0.269,0,0,0
36,3900,20,0.094,2,0,0
35,2800,15,0.498,1,0,1
45,2800,23,0.217,0,0,0
47,9700,26,0.313,2,0,0
31,8700,12,0.195,2,0,0
31,7200,10,0.286,0,1,0
34,5400,7,0.157,2,0,0
20,3800,0,0.098,3,0,1
20,2700,1,0.095,0,0,0
54,3000,36,0.327,0,1,0
57,6600,37,0.204,1,0,0
35,2000,8,0.153,0,0,0
44,2600,24,0.081,0,1,0
41,9200,21,0.194,1,0,0
74,18500,50,0.181,0,1,0
51,6100,26,0.31,0,0,0
36,7800,8,0.302,2,0,0
26,3300,4,0.449,2,0,1
20,1600,0,0.05,0,0,1
40,6600,19,0.282,2,0,0
28,5900,12,0.186,0,1,0
20,3800,0,0.207,0,1,0
30,3400,9,0.161,2,0,0
25,6700,3,0.071,0,0,0
58,3000,40,0.141,4,0,0
48,3100,29,0.225,0,0,0
37,2400,18,0.307,1,1,0
55,5200,30,0.32,1,0,0
38,2400,19,0.101,1,0,0
27,2400,0,0.241,0,0,0
56,3400,34,0.291,3,1,0
44,4200,28,0.246,0,0,0
25,1600,5,0.032,2,1,0
35,4600,17,0.249,1,0,0
27,8800,11,0.16,0,1,0
21,3900,0,0.175,4,1,1
49,12200,26,0.383,2,0,0
60,11800,37,0.358,4,0,0
21,5800,0,0.171,0,0,0
44,5100,28,0.2,1,1,0
30,4200,11,0.102,1,1,0
32,6400,8,0.073,1,0,0
30,3400,14,0.425,3,0,1
27,1400,11,0.522,1,0,0
38,6000,18,0.388,3,1,1
28,2000,8,0.626,0,0,0
41,2500,20,0.288,1,0,0
37,4200,14,0.231,0,1,0
35,3900,12,0.313,1,0,1
27,1700,5,0.281,0,1,0
31,4300,6,0.267,1,1,0
47,9000,31,0.225,1,0,1
44,2400,21,0.264,2,1,0
26,8100,3,0.336,4,1,1
39,1800,23,0.115,2,1,0
47,18000,31,0.315,2,1,0
20,2900,2,0.344,0,0,1
44,5300,26,0.048,2,1,0
30,1300,6,0.304,1,0,1
44,4600,26,0.397,3,0,0
28,4800,11,0.133,2,1,0
20,3600,2,0.365,1,0,0
20,2600,0,0.486,2,0,1
38,2500,17,0.282,3,1,0
41,9100,21,0.334,0,0,0
27,4000,7,0.092,4,0,1
45,11400,19,0.36,0,1,0
20,2800,2,0.271,1,0,1
37,3200,11,0.459,2,0,1
23,6000,2,0.38,4,0,1
30,1600,10,0.257,0,0,0
38,2000,7,0.274,1,0,1
27,8000,11,0.181,1,0,0
33,2100,14,0.279,1,0,0
50,1700,34,0.517,3,1,1
31,12200,7,0.216,1,0,0
48,2000,21,0.513,1,0,0
24,4100,0,0.508,0,0,0
44,4700,19,0.13,2,0,0
55,1200,35,0.23,0,1,0
20,3100,1,0.162,1,0,1
28,5500,12,0.417,0,0,0
44,5300,15,0.247,1,0,0
35,7300,13,0.257,2,0,0
42,3700,23,0.416,2,0,1
30,5900,4,0.58,2,0,0
39,3100,22,0.6,3,1,1
36,1900,14,0.22,0,1,0
52,2400,32,0.53,2,1,0
41,1800,18,0.373,0,1,0
42,8500,22,0.353,2,0,0
33,1800,17,0.632,0,1,0
32,4900,11,0.105,3,0,0
32,3400,7,0.228,1,0,0
42,4300,22,0.506,1,0,0
32,9100,8,0.2,1,0,0
41,3700,25,0.331,0,0,0
62,8100,42,0.171,1,1,0
48,5100,30,0.204,1,1,0
34,3800,11,0.357,0,1,0
52,20100,31,0.323,2,1,0
33,1700,10,0.192,0,0,0
20,7900,0,0.383,1,0,0
25,5500,2,0.231,2,0,0
20,2700,0,0.392,2,0,1
33,11600,16,0.237,1,1,0
38,1500,18,0.334,0,0,0
58,4000,40,0.252,2,1,0
41,2300,22,0.081,2,1,0
35,5600,16,0.209,3,0,1
47,2600,30,0.28,2,0,0
20,4900,4,0.239,0,0,0
40,4200,22,0.637,3,0,1
47,3600,26,0.404,0,1,0
20,4800,4,0.323,0,0,0
51,4300,30,0.271,1,0,0
42,2200,14,0.062,3,0,0
33,21600,8,0.205,0,0,0
45,3300,18,0.393,0,0,0
65,1500,43,0.176,1,0,0
40,2600,15,0.173,1,1,0
40,2200,22,0.115,0,1,0
32,7000,14,0.124,1,1,0
27,5000,11,0.762,2,0,1
47,5900,22,0.391,2,0,0
27,2900,0,0.336,0,1,0
38,3900,20,0.329,1,0,1
32,3400,13,0.59,0,0,0
43,4600,26,0.465,0,0,0
42,7500,20,0.049,3,0,1
50,5900,25,0.14,2,0,0
31,5800,15,0.338,1,0,1
34,5600,12,0.291,2,0,0
26,6700,7,0.266,0,0,0
32,4900,11,0.102,1,0,0
42,5600,20,0.222,0,0,0
47,9900,27,0.346,2,0,0
26,2600,6,0.192,1,0,0
48,3000,28,0.091,0,0,0
54,2500,30,0.426,1,0,0
42,5100,20,0.084,1,0,0
60,1800,39,0.421,3,0,0
28,5500,12,0.233,0,0,0
23,3600,4,0.239,0,1,0
20,7200,0,0.357,1,0,0
55,3400,34,0.192,2,1,0
45,4100,22,0.512,2,1,0
37,7900,9,0.139,3,0,0
41,10000,16,0.341,1,0,0
24,2500,3,0.177,2,0,1
67,6600,49,0.298,0,1,0
39,5500,23,0.29,1,1,0
39,5700,19,0.333,0,1,0
46,4100,27,0.104,0,0,0
43,10000,21,0.42,0,0,0
40,1500,20,0.415,1,0,0
28,3100,9,0.33,0,0,0
43,6400,27,0.166,1,0,0
60,7400,43,0.163,1,1,0
54,11500,32,0.407,1,1,0
57,10300,30,0.11,1,0,0
31,3500,11,0.199,1,0,1
26,8300,4,0.529,1,0,1
36,2800,12,0.211,0,0,0
38,8100,21,0.318,2,0,1
51,14700,29,0.184,1,0,0
20,7700,2,0.523,3,0,1
56,5500,32,0.564,1,1,0
36,3600,15,0.458,1,1,0
32,1700,10,0.309,0,0,0
25,4800,8,0.286,3,0,1
20,1900,0,0.405,0,1,1
47,2800,18,0.425,3,0,1
38,2300,22,0.268,2,1,0
22,2900,3,0.423,1,1,1
22,3600,1,0.311,4,0,1
33,4800,9,0.087,3,1,0
58,3800,40,0.179,4,1,0
34,8500,18,0.324,2,1,1
20,3200,0,0.338,1,0,1
35,2600,11,0.348,0,1,0
34,5100,18,0.561,1,0,0
20,12100,2,0.073,1,0,0
37,5100,10,0.326,1,1,0
35,3200,9,0.48,1,0,1
46,1900,22,0.342,3,0,1
60,4800,40,0.176,2,1,0
51,5800,30,0.129,0,0,0
34,3400,14,0.106,2,0,0
24,1300,0,0.201,1,1,0
68,3600,50,0.334,1,1,0
38,11000,21,0.227,0,0,0
38,10000,13,0.618,0,1,0
37,2500,17,0.098,0,0,0
40,6500,14,0.227,1,1,0
36,2200,18,0.133,1,0,0
31,9700,11,0.067,2,0,0
31,4900,14,0.691,1,0,1
37,7700,16,0.46,3,0,1
31,1500,15,0.295,2,0,0
29,6200,10,0.404,0,0,0
39,4600,23,0.148,2,0,0
34,6900,11,0.133,0,0,0
56,8900,33,0.03,1,0,0
20,4000,4,0.392,1,0,1
51,3300,25,0.501,0,1,0
52,7400,22,0.202,1,0,0
20,3500,0,0.083,0,0,0
33,2600,15,0.388,1,0,0
33,2100,1,0.339,1,0,1
21,1600,5,0.376,2,0,0
28,2900,7,0.169,0,0,0
24,7400,3,0.217,2,0,0
59,5800,33,0.464,0,0,0
49,3500,27,0.126,2,0,0
53,8400,34,0.366,2,1,0
46,3000,29,0.274,1,0,0
24,4100,5,0.304,0,0,1
31,3900,15,0.414,2,0,1
43,7400,22,0.578,0,0,1
23,1500,5,0.263,4,0,1
46,3000,30,0.086,2,0,0
35,1600,9,0.032,0,0,0
33,3600,14,0.452,0,0,0
46,10300,30,0.173,3,0,0
43,3500,23,0.261,1,1,0
33,3100,12,0.055,2,0,0
51,8800,35,0.126,1,0,0
25,7200,3,0.189,0,0,0
45,4800,29,0.435,1,1,0
45,6700,18,0.212,1,0,0
34,2200,11,0.57,1,0,0
41,10600,22,0.113,1,1,0
22,13900,4,0.076,2,1,0
49,6800,29,0.234,1,0,0
35,1200,12,0.24,0,0,0
31,3000,11,0.156,0,1,0
50,7300,30,0.292,2,0,0
29,3100,8,0.219,2,0,0
21,8100,3,0.176,4,0,0
20,5300,1,0.439,1,0,1
45,3300,29,0.415,1,1,0
22,3700,0,0.37,1,0,1
59,3100,37,0.638,2,0,1
20,3400,3,0.183,1,0,0
58,3600,30,0.371,1,0,0
40,9200,19,0.467,0,0,0
36,16200,20,0.291,0,0,0
31,1600,7,0.517,1,1,0
42,1400,20,0.197,0,0,0
37,3700,15,0.313,2,1,0
51,2100,32,0.308,1,1,0
39,4500,17,0.099,0,0,0
39,7100,20,0.259,1,0,0
33,10000,10,0.131,2,0,0
37,5200,21,0.444,0,0,1
41,4100,22,0.144,0,1,0
20,1100,0,0.59,0,0,0
21,3900,4,0.478,2,1,1
46,5100,28,0.068,1,1,0
40,6700,21,0.131,0,1,0
35,3000,19,0.194,0,0,0
38,3600,22,0.358,1,0,0
42,1900,22,0.534,1,0,0
31,1000,10,0.308,1,0,1
28,2100,8,0.551,0,0,1
40,1800,20,0.217,1,1,0
26,4800,5,0.27,0,0,0
42,3300,17,0.227,1,0,0
20,2600,0,0.484,3,0,1
50,2800,32,0.23,0,0,0
43,1000,24,0.534,3,0,1
41,11000,18,0.3,1,0,0
49,2600,23,0.144,3,0,0
57,4200,39,0.331,1,1,0
50,2000,29,0.235,1,0,0
20,6500,0,0.384,0,1,0
22,4200,5,0.458,0,1,1
30,2400,9,0.445,1,0,1
38,3700,22,0.328,2,0,1
44,13500,28,0.184,0,1,0
29,3800,7,0.276,1,0,0
40,4200,21,0.121,2,1,0
28,2300,7,0.609,1,1,0
30,1400,10,0.221,0,0,0
21,3500,4,0.351,1,1,0
26,4700,6,0.07,0,0,0
21,7400,5,0.288,3,0,1
26,900,0,0.071,0,0,0
50,2700,34,0.573,0,0,0
26,2800,6,0.213,2,0,0
69,5800,50,0.351,0,1,0
43,4100,20,0.35,0,0,0
40,4300,21,0.098,5,0,0
27,5200,9,0.19,0,0,0
46,2700,22,0.206,0,0,0
31,7200,10,0.04,2,0,1
39,5600,16,0.349,3,0,1
68,4900,50,0.055,0,1,0
36,11900,20,0.351,3,1,0
51,12800,30,0.288,0,0,0
29,7200,10,0.438,1,0,0
37,900,14,0.034,0,1,0
59,14000,39,0.487,3,1,0
30,6600,9,0.02,1,0,0
59,18600,43,0.292,1,0,0
46,9400,18,0.065,0,1,0
31,10700,11,0.207,0,1,0
45,7900,22,0.066,3,1,0
49,11500,32,0.166,1,1,0
45,15500,23,0.29,2,1,0
20,4300,4,0.307,0,0,1
29,1500,7,0.206,1,1,0
35,3600,16,0.473,0,1,0
37,5500,16,0.073,1,1,0
45,4800,22,0.064,2,0,0
40,2200,24,0.072,2,1,0
21,1500,3,0.23,1,0,0
42,2900,20,0.053,2,0,0
45,7100,16,0.255,2,0,0
44,12200,24,0.197,0,1,0
50,8400,27,0.168,0,1,0
48,9300,28,0.071,0,1,0
43,4200,15,0.417,0,0,1
37,1600,21,0.252,1,0,0
20,2800,0,0.229,0,0,0
43,4100,27,0.163,3,1,0
40,3500,24,0.278,5,1,0
41,4700,19,0.536,0,0,0
22,4800,1,0.128,1,1,0
25,6600,6,0.13,3,0,1
50,4300,30,0.091,1,1,0
37,1300,4,0.29,0,0,0
46,3600,27,0.381,3,1,0
38,4400,15,0.106,0,0,0
38,9500,20,0.21,0,1,0
49,3500,27,0.204,0,1,0
31,5700,11,0.307,1,0,0
39,5400,20,0.32,1,0,0
32,3900,4,0.18,1,0,0
32,7000,7,0.076,1,0,0
34,2800,13,0.09,1,0,0
40,3400,24,0.145,3,0,0
32,4200,13,0.282,2,1,0
53,3200,22,0.108,2,1,0
27,5300,7,0.282,0,0,0
35,2700,10,0.281,2,0,1
32,4500,6,0.642,1,0,1
55,4800,34,0.496,0,0,0
40,5300,23,0.745,0,1,0
50,4000,34,0.317,1,0,0
20,3000,0,0.312,1,0,0
41,5100,24,0.11,1,0,0
48,5500,27,0.488,0,1,0
38,4600,22,0.151,0,1,0
50,14000,31,0.114,1,1,0
31,2200,10,0.523,0,1,0
54,4900,32,0.386,1,0,0
65,2300,49,0.115,1,1,0
33,5100,8,0.132,4,1,1
32,2200,14,0.16,2,0,0
55,4600,39,0.243,1,0,0
56,4200,36,0.357,0,0,0
31,4800,10,0.417,2,0,0
32,3000,11,0.254,1,0,0
34,2800,8,0.208,0,1,0
21,8700,1,0.336,1,0,0
26,4600,6,0.243,1,0,0
25,2900,9,0.124,1,0,0
28,3300,4,0.512,2,0,1
37,11800,16,0.196,2,0,0
40,4000,21,0.134,2,0,0
56,3600,40,0.186,2,0,0
26,2400,0,0.388,1,0,1
49,3700,33,0.116,1,0,0
35,3000,17,0.509,1,0,1
37,2000,15,0.332,0,0,1
46,2600,30,0.391,2,0,0
24,2400,8,0.343,1,0,0
42,6900,26,0.109,1,0,0
39,3500,16,0.343,2,0,1
43,4200,25,0.088,1,1,0
41,8700,9,0.308,1,0,0
67,12800,50,0.171,0,1,0
30,3600,13,0.197,1,0,0
31,2900,13,0.117,2,0,0
30,2400,9,0.214,0,0,0
31,6300,12,0.308,0,0,0
30,3500,7,0.088,0,0,0
52,4200,35,0.142,2,1,0
55,3300,39,0.275,1,0,0
31,2700,15,0.026,1,0,1
28,5100,12,0.049,3,0,0
43,2200,25,0.128,3,0,0
31,7600,12,0.261,2,0,0
45,3500,27,0.31,1,0,0
40,3900,15,0.335,2,0,1
20,1600,0,0.311,0,0,1
56,5300,37,0.318,0,0,1
59,4600,43,0.15,0,0,0
30,4000,12,0.256,0,1,0
33,10400,15,0.27,2,1,0
41,5300,23,0.351,1,0,0
42,3000,24,0.041,1,1,0
45,3200,27,0.225,1,0,0
62,8000,43,0.322,0,0,0
35,9600,17,0.121,2,0,1
28,4700,7,0.158,0,1,0
21,5500,0,0.106,1,0,1
29,6000,12,0.509,1,0,0
37,9700,11,0.119,3,0,0
59,1700,42,0.173,1,1,0
31,6400,15,0.187,2,1,1
40,8100,18,0.098,0,0,0
37,2000,20,0.293,0,0,0
52,2900,30,0.224,1,0,0
68,3600,50,0.605,0,1,0
31,2600,5,0.155,0,1,0
32,3000,9,0.068,1,0,0
50,6000,34,0.494,1,0,1
46,8400,30,0.21,1,1,0
60,9900,33,0.18,0,1,0
45,2900,27,0.247,2,0,0
33,2600,16,0.405,3,0,1
45,10900,29,0.518,1,1,0
51,7600,32,0.071,0,0,0
47,5100,27,0.61,5,0,1
44,6100,21,0.081,2,0,0
50,5100,34,0.484,3,1,0
52,7200,36,0.1,2,0,0
54,4200,32,0.268,1,1,0
45,5400,20,0.142,2,1,0
35,1900,19,0.229,1,0,0
39,2800,14,0.408,1,0,1
52,3300,31,0.399,2,0,1
28,3000,3,0.321,0,1,0
42,2700,22,0.132,2,1,0
33,3200,17,0.327,0,0,0
38,1800,18,0.151,0,1,0
53,6900,28,0.257,0,0,0
40,4500,23,0.345,1,0,0
38,1600,19,0.111,1,0,0
21,2200,1,0.133,2,0,1
46,6200,30,0.118,0,0,0
45,3200,18,0.235,2,0,0
63,3800,46,0.315,3,0,0
34,4000,11,0.183,1,1,0
40,5600,20,0.533,1,1,1
40,1800,14,0.097,1,0,0
56,7300,34,0.291,0,0,0
36,2800,16,0.555,0,1,0
41,4700,24,0.039,0,0,0
45,4500,21,0.106,0,1,0
40,3500,24,0.073,0,0,0
32,2200,9,0.187,0,0,0
40,4000,24,0.082,1,1,0
50,12600,24,0.105,0,0,0
25,1700,4,0.505,2,0,1
39,12100,16,0.296,3,1,0
29,3400,8,0.389,0,0,1
52,5400,36,0.17,4,0,0
20,2000,3,0.417,1,0,0
31,2500,8,0.097,1,0,0
42,3400,21,0.2,2,0,0
56,2600,31,0.159,1,1,0
37,3800,15,0.426,0,0,0
31,3400,14,0.24,1,0,0
60,17100,43,0.175,2,0,0
20,1800,0,0.199,1,0,1
20,4100,4,0.397,0,0,0
43,5000,16,0.203,0,0,1
31,2100,9,0.077,0,0,0
25,5500,0,0.581,2,0,1
46,4000,30,0.293,1,0,0
40,1000,15,0.048,0,0,0
31,5500,2,0.238,1,1,0
22,2000,6,0.055,0,1,0
48,2500,24,0.154,3,0,0
45,7200,24,0.452,0,0,0
36,3800,20,0.332,0,0,0
60,9300,38,0.143,4,1,0
25,7600,1,0.561,0,1,0
20,2600,2,0.07,2,0,1
29,6200,4,0.189,1,1,0
37,2900,21,0.288,0,0,1
40,18100,24,0.36,2,1,0
35,2800,14,0.281,2,0,0
42,8500,21,0.178,3,0,0
22,6300,4,0.065,1,0,0
55,6100,31,0.306,1,0,0
37,2800,14,0.164,0,0,0
51,4400,27,0.546,1,0,0
42,1300,22,0.193,1,0,0
43,5200,20,0.043,4,0,0
44,5900,25,0.149,1,0,0
43,4600,14,0.114,1,1,0
45,1100,28,0.206,1,1,0
53,2200,24,0.168,2,1,0
40,2800,19,0.244,1,0,0
46,5900,30,0.128,1,1,0
36,4800,10,0.162,2,0,1
55,4700,34,0.463,2,0,0
29,5600,5,0.413,0,0,0
59,2800,34,0.353,5,0,0
37,6300,15,0.201,2,0,0
20,4900,2,0.271,0,0,0
39,5500,15,0.108,1,0,1
29,3600,8,0.126,0,1,0
48,14300,25,0.145,2,0,0
30,5800,14,0.515,2,0,1
32,2200,10,0.112,0,1,0
20,4300,2,0.306,1,0,1
32,6100,5,0.407,4,0,1
20,2600,0,0.633,0,1,0
20,7000,0,0.553,2,0,1
47,6000,25,0.408,4,1,0
47,1200,30,0.237,1,1,0
43,5300,16,0.241,1,1,0
26,2900,0,0.087,0,0,0
37,5900,15,0.075,1,1,0
37,7200,10,0.201,0,0,1
24,4400,6,0.388,2,0,1
56,14700,39,0.341,2,0,0
48,4400,27,0.424,1,1,0
35,6200,13,0.346,2,0,0
38,7300,19,0.195,1,1,0
40,4100,17,0.231,0,0,0
20,5800,0,0.26,1,1,0
35,3100,18,0.084,0,1,0
29,3000,6,0.09,0,0,0
25,1700,1,0.41,2,1,1
34,4900,13,0.134,1,0,0
59,6300,34,0.133,1,0,0
45,10100,29,0.307,3,1,0
31,6600,9,0.08,1,0,0
44,4200,28,0.187,1,0,0
54,2700,38,0.425,1,0,0
49,6500,31,0.303,1,0,0
38,9000,21,0.059,1,0,0
30,6600,12,0.23,0,0,1
46,9300,26,0.047,3,0,0
42,3900,18,0.07,0,0,0
48,3800,29,0.042,1,1,0
45,3100,29,0.327,2,0,0
50,4600,25,0.131,1,1,0
31,4100,14,0.147,2,0,1
53,5800,33,0.142,0,1,0
40,4200,18,0.105,0,1,0
62,5100,41,0.169,5,1,0
29,2400,4,0.193,0,0,0
58,9300,36,0.578,3,0,0
40,4900,23,0.512,1,0,0
30,3300,1,0.403,1,0,0
32,2600,11,0.271,0,0,0
34,1900,14,0.193,2,0,0
43,9900,19,0.504,1,1,0
44,6600,23,0.286,1,1,1
31,1600,9,0.279,0,0,1
37,6300,7,0.307,0,0,0
63,9800,44,0.449,0,1,0
58,5800,39,0.255,1,0,0
43,12100,22,0.072,3,1,0
38,4800,13,0.032,2,0,0
39,2100,23,0.117,1,1,0
45,6100,29,0.289,2,1,0
25,4600,7,0.146,2,0,1
34,3100,18,0.359,0,0,0
20,5200,1,0.405,1,0,1
42,1600,19,0.328,3,0,1
45,8900,28,0.095,1,0,0
32,2500,16,0.134,1,0,0
56,2900,35,0.583,1,1,0
23,3400,0,0.568,1,1,0
20,4900,4,0.569,1,0,1
40,4800,16,0.427,2,0,0
50,3000,26,0.567,1,0,0
58,3800,34,0.083,0,1,0
32,2000,7,0.154,3,1,0
50,4000,21,0.36,0,0,0
37,8500,18,0.096,1,0,0
35,4200,14,0.257,2,0,0
48,8300,29,0.136,0,1,0
45,11300,24,0.485,0,1,0
20,2600,0,0.26,1,0,1
55,4900,39,0.161,2,1,0
54,19600,37,0.454,2,0,0
30,9100,4,0.127,1,0,0
42,1600,17,0.278,1,1,0
43,6000,24,0.447,0,0,0
41,4400,17,0.104,0,1,0
31,6700,9,0.218,1,0,0
29,2400,2,0.096,4,0,1
37,2600,16,0.33,2,0,0
52,3200,27,0.447,0,0,0
44,3000,13,0.201,0,1,0
33,6600,10,0.254,1,0,0
47,2400,26,0.437,2,1,0
20,2500,0,0.166,1,0,0
51,1700,32,0.14,0,0,0
20,6700,0,0.292,0,1,0
33,9000,12,0.263,2,0,0
24,3200,5,0.174,0,1,0
22,3200,5,0.431,2,0,1
51,6400,26,0.268,2,1,0
32,9700,8,0.349,0,0,0
42,6100,23,0.4,0,1,0
37,2800,14,0.198,1,0,1
43,1900,27,0.267,3,0,0
38,2300,17,0.261,2,0,0
22,3800,0,0.186,3,0,1
49,3200,22,0.217,0,0,0
32,4900,15,0.43,2,1,0
20,2700,4,0.264,2,0,1
32,2300,15,0.156,1,0,0
56,2700,40,0.086,1,1,0
48,11900,22,0.084,1,0,0
33,6700,6,0.085,0,0,0
33,11700,11,0.498,0,1,0
34,5600,9,0.371,1,1,0
62,4200,41,0.261,1,1,0
42,10300,22,0.492,2,1,0
43,4700,24,0.321,0,0,0
50,5800,31,0.069,1,0,0
40,4600,24,0.105,1,1,0
34,900,12,0.227,1,0,0
35,11300,15,0.176,0,0,0
37,5800,14,0.279,1,1,0
37,5300,16,0.399,2,1,1
46,4600,26,0.17,2,0,0
38,5000,21,0.685,1,0,1
46,3300,25,0.329,2,1,0
37,6200,14,0.332,2,0,0
38,2200,22,0.252,1,0,1
20,4100,0,0.419,0,0,1
48,6800,27,0.25,3,1,0
42,4200,24,0.151,4,1,0
49,6200,31,0.293,2,1,0
20,2000,0,0.34,0,0,1
63,3200,47,0.203,0,0,0
36,4900,14,0.155,1,1,0
51,7800,34,0.224,0,1,0
25,1200,0,0.288,1,1,0
45,5900,15,0.325,0,0,0
25,2900,8,0.381,0,0,0
30,3500,7,0.292,1,1,0
60,2400,42,0.193,3,0,0
35,2500,10,0.328,2,1,1
40,8400,24,0.176,1,0,0
48,4900,26,0.102,1,1,0
43,3800,26,0.167,1,1,0
39,4200,19,0.227,2,1,0
42,6500,26,0.279,2,0,0
66,7200,42,0.202,3,0,0
37,4400,20,0.301,1,0,0
40,8500,17,0.24,1,1,0
50,9000,31,0.211,1,1,0
51,6500,31,0.079,0,0,0
52,5300,31,0.059,3,1,0
45,7300,28,0.095,1,1,0
24,4600,3,0.188,2,0,1
57,9500,30,0.125,2,0,0
24,6700,7,0.228,1,0,0
41,2400,16,0.114,1,1,0
28,1900,2,0.203,1,0,0
37,3000,20,0.081,1,0,0
41,8500,25,0.116,0,1,0
41,1700,19,0.356,3,0,1
43,6000,25,0.369,1,0,1
57,6100,29,0.148,0,0,0
43,9300,22,0.156,0,1,0
35,5000,18,0.214,0,0,0
49,2300,33,0.526,1,1,0
52,2700,27,0.245,2,1,0
23,1900,5,0.129,3,0,1
45,3400,24,0.47,2,0,0
46,4200,22,0.077,0,0,0
34,2100,15,0.232,1,0,0
54,12500,34,0.438,2,1,0
36,1900,16,0.109,0,0,0
39,9800,16,0.218,0,0,0
35,8500,12,0.214,1,1,0
38,7600,18,0.624,2,1,0
24,2500,3,0.373,2,0,1
20,4600,1,0.423,1,0,0
57,2600,41,0.308,2,1,0
27,6700,5,0.363,1,1,0
26,3500,0,0.222,1,1,0
20,2900,3,0.296,1,0,0
30,2000,13,0.087,2,1,0
22,800,5,0.049,1,0,0
57,2800,34,0.718,0,0,0
50,9600,28,0.562,1,1,0
29,3200,9,0.474,2,0,0
65,5300,48,0.324,2,1,0
49,7300,28,0.655,0,1,0
34,13200,18,0.22,1,1,0
20,8100,0,0.561,3,0,1
65,3000,41,0.442,2,0,0
21,1200,5,0.427,0,0,0
20,15800,4,0.258,2,0,1
50,18300,23,0.382,2,0,0
67,6600,49,0.091,1,0,0
54,2300,29,0.456,1,0,1
44,8400,24,0.423,2,0,0
45,4500,25,0.557,2,0,0
48,4500,26,0.419,0,1,0
47,8500,30,0.31,1,1,0
41,5500,20,0.394,4,0,1
39,2200,20,0.27,1,0,0
37,3800,21,0.188,0,0,0
28,5800,6,0.251,1,0,0
34,5800,15,0.145,1,0,0
20,4300,0,0.304,0,0,1
36,8000,20,0.38,1,0,1
26,2900,0,0.086,2,0,0
24,4100,0,0.316,0,0,0
40,1000,16,0.175,0,0,0
54,4000,35,0.415,3,0,1
49,8200,33,0.296,0,0,0
20,2900,0,0.328,0,0,0
26,3000,6,0.058,2,0,1
49,2600,31,0.205,3,0,0
26,6900,4,0.275,1,0,0
35,5700,10,0.374,0,0,0
44,7800,24,0.249,0,1,0
26,1300,0,0.327,0,0,0
39,3900,14,0.047,1,0,0
21,3300,5,0.257,2,0,0
30,3600,12,0.579,1,0,0
41,3000,17,0.352,2,0,1
20,3200,4,0.184,0,0,0
43,7900,23,0.302,1,0,0
37,1500,21,0.231,3,0,0
44,13900,25,0.314,1,1,0
40,6200,21,0.401,4,1,0
54,5000,35,0.353,1,0,0
39,8000,21,0.322,2,0,0
32,1800,16,0.212,2,1,0
39,2700,9,0.165,1,0,0
44,4100,16,0.343,3,0,0
38,10600,22,0.109,0,0,0
38,4000,11,0.244,2,0,0
29,5400,10,0.428,0,0,0
30,2900,9,0.653,1,1,0
21,5000,1,0.466,2,1,1
58,15000,40,0.402,1,1,0
23,6600,0,0.057,1,0,0
29,3900,8,0.339,3,0,1
29,6200,10,0.365,0,0,0
48,7100,32,0.173,3,1,0
34,5900,17,0.249,2,0,1
52,10300,36,0.321,1,1,0
29,7800,8,0.148,1,0,0
41,4500,25,0.487,1,1,0
27,5900,8,0.4,0,0,1
63,4200,37,0.256,1,0,0
23,2100,0,0.504,1,0,1
41,3900,21,0.083,6,0,1
45,4600,25,0.17,3,0,0
42,1500,14,0.355,1,0,1
35,7000,12,0.485,2,0,0
36,1000,17,0.322,1,0,1
38,23700,22,0.283,0,0,0
36,10600,14,0.08,0,0,0
49,4100,25,0.375,0,0,0
64,5800,46,0.473,0,0,0
31,4900,9,0.539,2,1,1
21,2700,2,0.162,2,1,1
36,4900,16,0.19,1,0,0
68,5400,50,0.256,1,1,0
28,3700,8,0.513,1,0,1
57,5800,33,0.035,1,1,0
58,2600,40,0.091,1,1,0
31,4200,10,0.156,1,0,0
44,5400,27,0.266,0,1,0
57,5600,35,0.245,1,0,0
33,3700,13,0.185,2,0,0
35,8800,18,0.093,0,1,0
31,3100,5,0.355,2,0,0
25,4300,1,0.255,2,0,1
30,9100,12,0.245,1,1,0
23,3500,1,0.519,0,1,1
38,4900,15,0.245,1,1,0
28,3600,5,0.271,1,1,0
40,9900,24,0.29,1,1,0
20,3100,0,0.338,1,0,1
41,10200,23,0.155,0,1,0
48,4600,29,0.623,1,0,0
20,2200,0,0.106,1,0,1
42,6900,20,0.426,2,1,0
52,4200,33,0.392,1,1,0
23,5800,7,0.226,0,0,0
58,1100,32,0.264,1,0,0
43,4900,27,0.076,0,1,0
29,3300,13,0.454,0,0,1
37,2300,18,0.294,2,1,0
44,3200,18,0.374,1,1,0
38,3100,14,0.551,1,0,0
44,4600,24,0.097,1,0,0
26,1700,4,0.218,1,0,1
40,5600,22,0.403,0,0,0
21,8300,0,0.198,4,0,1
36,5100,15,0.262,1,0,0
27,6100,3,0.343,3,1,1
29,7400,5,0.136,0,0,0
52,10400,30,0.404,1,1,0
51,15700,32,0.29,2,0,0
45,3400,22,0.421,3,0,0
24,2500,4,0.263,3,0,1
34,7100,18,0.215,3,0,1
52,7900,33,0.444,0,1,0
39,7100,18,0.053,2,1,0
65,17100,41,0.178,0,1,0
42,4700,22,0.13,0,0,0
40,6100,24,0.289,1,1,0
34,2300,13,0.201,1,0,0
39,16000,18,0.297,2,1,0
36,3600,15,0.187,4,1,0
46,3800,22,0.291,1,0,0
49,3900,24,0.136,1,1,0
28,2800,10,0.292,1,1,0
22,2500,4,0.062,0,0,0
20,2800,4,0.47,1,0,0
44,2000,21,0.362,2,1,0
24,2300,0,0.513,0,1,0
20,11800,1,0.223,0,0,1
42,7300,22,0.533,2,0,1
67,9500,41,0.454,2,1,0
37,8700,14,0.333,3,0,1
48,14400,26,0.332,0,1,0
38,1700,22,0.062,1,0,0
36,2000,13,0.274,1,0,0
49,3100,32,0.324,1,0,0
34,3300,18,0.072,1,1,0
41,3800,22,0.271,1,0,0
41,3600,23,0.309,1,0,0
29,4700,9,0.133,1,0,1
49,5200,33,0.307,0,1,0
35,2700,11,0.256,1,0,0
28,1000,3,0.337,2,0,0
44,2700,28,0.298,2,1,0
27,2700,3,0.176,0,1,0
38,3900,21,0.238,0,0,0
37,2100,13,0.347,1,0,0
51,3700,31,0.146,2,0,0
43,2300,22,0.383,1,0,0
37,4100,17,0.158,2,0,0
47,2400,22,0.367,2,0,1
54,3200,38,0.444,2,0,1
44,2100,21,0.13,4,0,1
38,3800,13,0.281,1,1,0
22,2200,0,0.375,1,0,1
25,6300,0,0.354,0,0,1
34,5500,16,0.263,1,1,0
30,3800,6,0.076,0,1,0
35,2700,15,0.407,0,0,0
38,5300,13,0.317,1,0,0
44,7200,24,0.295,1,0,0
37,4900,18,0.314,1,1,0
43,11500,17,0.435,0,0,0
38,5900,19,0.294,2,0,0
20,6600,4,0.31,0,0,0
26,4300,8,0.167,1,0,0
36,6400,13,0.366,0,0,0
23,2300,0,0.088,2,0,1
45,3600,24,0.369,2,0,0
56,6200,30,0.185,2,1,0
52,6500,36,0.344,1,0,0
35,5900,16,0.087,2,0,0
55,10200,36,0.018,4,1,0
39,1900,19,0.407,1,0,0
33,2300,12,0.204,1,0,0
30,4600,7,0.445,2,0,1
34,2800,15,0.356,1,0,0
33,31700,12,0.257,1,1,0
40,6200,20,0.304,1,0,0
39,4500,22,0.356,1,0,1
38,3300,18,0.24,2,0,1
43,3500,23,0.145,0,1,0
52,5200,32,0.099,0,1,0
49,5300,28,0.143,0,0,0
20,2800,0,0.36,0,0,0
20,3100,1,0.538,0,1,0
49,10600,23,0.134,1,0,0
21,8900,5,0.314,1,1,0
35,5100,17,0.202,3,1,0
23,1600,0,0.262,0,1,0
20,5200,4,0.181,0,0,1
44,12600,28,0.157,1,0,0
47,10800,24,0.35,1,0,0
31,6800,15,0.052,1,0,0
20,8500,0,0.257,0,0,0
31,3900,2,0.099,1,0,0
42,7000,26,0.285,3,0,0
20,2500,4,0.38,1,0,0
40,5600,24,0.379,2,0,1
37,9400,13,0.131,1,0,0
44,3200,19,0.078,1,1,0
39,2800,21,0.016,0,0,0
26,4000,3,0.073,1,0,0
52,4200,26,0.576,3,1,0
36,5900,8,0.42,2,0,0
37,3400,17,0.352,0,1,0
26,11500,10,0.034,4,1,0
32,2000,15,0.249,1,0,0
27,8500,8,0.129,1,0,0
35,2800,16,0.158,0,0,0
58,1800,38,0.322,2,1,0
21,4200,0,0.507,0,0,1
20,3100,0,0.528,0,0,0
55,2700,35,0.659,2,0,0
35,1500,10,0.198,1,1,0
29,3900,7,0.175,3,1,0
50,8900,29,0.303,1,1,0
30,5600,6,0.265,1,0,0
59,5600,38,0.293,2,1,0
46,5900,17,0.118,2,0,0
32,4300,16,0.193,3,1,1
63,2300,45,0.303,3,0,0
30,1800,10,0.291,1,0,1
46,4200,24,0.381,1,1,0
41,3900,15,0.384,0,0,0
53,8600,33,0.096,0,0,0
56,8600,40,0.125,1,1,0
38,6100,14,0.178,1,0,0
28,3300,4,0.28,1,0,1
43,2100,27,0.101,0,1,0
29,5200,9,0.105,3,0,0
62,7900,46,0.247,0,1,0
39,1100,21,0.181,0,1,0
33,2600,16,0.546,3,1,1
40,2900,16,0.078,1,1,0
21,3900,0,0.621,1,0,1
26,2500,10,0.13,3,0,0
52,4900,28,0.371,0,1,0
30,3800,14,0.621,3,0,1
25,3400,3,0.153,3,0,1
44,3200,27,0.347,0,0,0
52,3500,33,0.165,0,0,0
46,2400,23,0.312,1,0,0
49,6100,26,0.359,0,0,0
28,5200,2,0.349,0,0,0
20,2300,0,0.051,5,0,1
56,13000,34,0.117,2,0,0
34,3600,15,0.062,0,0,0
34,10600,13,0.208,0,0,0
53,3500,31,0.628,1,1,0
44,1400,24,0.574,1,0,1
43,6200,27,0.223,0,0,0
63,6400,41,0.113,6,0,1
30,4100,8,0.628,1,1,0
49,3500,31,0.607,0,0,0
38,4600,22,0.181,2,1,0
41,3200,15,0.117,0,0,0
56,4300,34,0.224,0,0,0
44,7800,24,0.077,2,1,0
44,5500,28,0.184,1,0,0
50,7300,33,0.044,2,1,0
33,3500,7,0.137,1,0,0
27,3200,6,0.188,2,0,0
25,2000,7,0.482,3,0,1
20,2900,0,0.273,0,0,0
62,1200,45,0.204,2,0,0
24,2600,0,0.176,2,0,0
35,3900,9,0.601,2,1,0
34,6100,15,0.124,2,1,0
41,4000,23,0.028,0,0,0
47,6200,31,0.425,1,0,1
48,1400,32,0.218,1,0,0
31,4200,15,0.169,0,1,0
35,1500,14,0.158,3,0,0
41,2300,22,0.283,2,1,0
35,4100,19,0.413,1,1,0
57,11500,38,0.369,3,1,0
43,5600,20,0.327,3,0,0
46,4800,23,0.461,2,0,0
45,4900,29,0.122,1,1,0
52,3400,32,0.023,0,1,0
40,3400,24,0.508,1,1,0
22,4700,0,0.193,2,1,0
42,2000,18,0.468,0,0,0
30,6000,13,0.069,3,0,1
31,3400,14,0.279,0,0,0
45,8000,26,0.137,2,0,0
52,9400,36,0.241,2,1,0
38,1600,16,0.355,3,0,1
41,3300,22,0.384,2,1,0
58,3100,34,0.22,1,1,0
40,1600,24,0.116,1,0,0
69,3200,50,0.215,1,0,0
44,21300,28,0.42,2,0,0
20,5500,4,0.267,0,0,0
47,16000,31,0.045,3,0,0
42,7400,18,0.175,0,0,0
53,3300,35,0.301,1,0,0
46,3800,25,0.505,1,0,0
36,6300,17,0.565,2,1,0
23,5100,7,0.372,1,0,0
35,3100,15,0.164,1,1,0
27,1600,4,0.155,1,0,0
31,31100,15,0.164,2,1,0
45,4200,21,0.26,3,1,0
58,4500,41,0.165,0,0,0
42,5000,23,0.063,0,0,0
23,3100,0,0.341,0,0,1
43,5100,25,0.156,3,0,0
52,11000,31,0.324,0,0,0
30,3900,11,0.325,2,1,0
36,2100,15,0.499,1,0,1
38,4200,22,0.598,0,0,0
28,3200,12,0.082,1,0,0
45,11000,22,0.103,1,1,0
36,8400,11,0.525,6,0,1
43,5200,26,0.413,0,1,0
27,1800,7,0.11,3,0,1
32,1900,10,0.585,2,0,1
46,4800,23,0.071,1,0,0
33,5500,17,0.089,2,0,0
58,4400,41,0.215,1,1,0
33,3200,14,0.431,1,1,1
40,3200,17,0.187,2,0,0
49,4500,19,0.322,0,0,0
20,900,0,0.042,3,0,1
20,2000,4,0.688,1,0,1
20,2500,0,0.171,1,0,1
53,10000,27,0.306,1,0,0
31,2500,10,0.286,0,1,0
68,6700,50,0.265,1,1,0
31,4600,7,0.103,2,0,0
40,9600,17,0.042,1,1,0
56,11700,40,0.14,0,0,0
62,5200,40,0.346,4,0,0
62,4000,38,0.172,3,0,0
52,3200,27,0.413,0,0,0
50,4400,30,0.394,2,0,1
45,3700,26,0.058,0,1,0
47,6500,22,0.202,2,1,0
31,5600,15,0.315,0,0,0
28,5600,6,0.132,3,0,1
37,9800,21,0.448,1,0,0
35,12500,10,0.192,0,1,0
32,4500,13,0.071,1,1,0
46,8800,20,0.457,1,0,0
49,3900,27,0.302,2,1,0
39,9500,23,0.251,0,0,0
55,9400,29,0.216,2,1,0
24,6700,0,0.092,1,1,0
35,4400,11,0.158,1,0,0
29,2800,12,0.03,2,0,0
20,1600,1,0.315,0,0,0
37,4300,16,0.197,0,1,0
36,11100,18,0.101,1,0,0
56,4100,29,0.075,2,1,0
45,7500,24,0.115,2,0,0
25,6700,9,0.146,3,1,0
60,4600,38,0.159,0,1,0
52,11300,33,0.461,2,0,0
44,1000,24,0.173,1,0,0
35,2000,16,0.174,3,0,1
26,2200,2,0.437,0,0,1
33,2400,8,0.118,1,0,0
51,6100,29,0.656,0,1,0
60,6500,41,0.152,1,1,0
56,6700,36,0.304,1,0,0
32,5900,11,0.496,1,0,0
24,2300,7,0.295,2,0,0
39,2200,16,0.042,1,1,0
20,4600,0,0.193,0,0,0
41,2900,14,0.34,2,1,0
36,1600,10,0.048,1,1,0
32,7600,14,0.045,1,1,0
20,8400,0,0.477,0,0,0
44,12400,27,0.242,0,0,0
31,4500,8,0.074,2,0,0
23,5600,5,0.154,0,1,0
20,8700,4,0.226,0,0,1
37,3000,15,0.309,3,0,1
59,10900,43,0.103,1,0,0
57,6500,41,0.325,0,0,0
32,7200,12,0.308,1,0,0
30,4600,9,0.228,1,0,0
43,10300,24,0.188,1,0,0
26,4700,10,0.189,0,0,0
41,2000,24,0.299,1,0,0
47,11400,25,0.15,0,1,0
52,2900,29,0.239,0,1,0
36,9200,16,0.173,0,1,0
35,3800,10,0.207,0,1,0
27,7900,5,0.313,0,0,0
28,8100,10,0.366,1,1,0
35,5600,16,0.241,1,1,0
42,6500,26,0.652,0,1,0
48,6300,28,0.229,0,1,0
28,1100,3,0.191,2,1,0
55,5500,32,0.05,2,0,0
34,2100,8,0.19,3,1,0
37,4900,18,0.296,0,1,0
29,1900,3,0.562,1,0,0
20,1800,0,0.268,0,0,1
48,12100,22,0.168,1,1,0
46,9100,26,0.221,3,1,0
34,4100,11,0.6,1,1,0
38,4700,12,0.395,1,0,1
44,4000,24,0.402,0,0,0
20,5100,0,0.209,0,0,0
31,2600,5,0.477,0,1,0
47,8800,27,0.084,1,0,0
22,3300,6,0.492,0,0,1
41,3200,12,0.171,0,1,0
21,3800,2,0.245,4,0,0
43,3300,22,0.168,1,1,0
37,5100,12,0.351,2,0,1
20,2700,2,0.334,3,0,1
51,6900,35,0.35,0,1,0
29,8300,7,0.075,1,0,0
28,2800,12,0.127,2,0,0
40,4300,21,0.27,3,0,0
51,6600,30,0.246,5,0,0
25,3000,6,0.32,3,0,1
38,6100,22,0.082,2,0,0
43,6100,16,0.077,0,0,0
46,9200,25,0.25,1,0,0
40,2900,14,0.688,0,0,0
33,2500,14,0.104,2,1,0
28,3400,11,0.07,1,0,0
39,2400,17,0.233,0,0,0
25,5400,5,0.47,2,0,1
20,1900,4,0.457,0,0,0
43,17900,17,0.174,2,1,0
48,10900,30,0.354,0,0,0
20,3900,4,0.104,1,0,1
25,6100,0,0.479,1,0,0
45,1900,27,0.176,0,0,0
62,25600,44,0.201,1,1,0
38,3300,22,0.276,0,0,0
29,3500,2,0.305,1,0,0
35,1500,19,0.11,2,1,0
54,6900,33,0.671,0,1,0
30,2000,6,0.134,1,1,1
28,4200,6,0.505,2,1,1
32,3000,12,0.365,2,0,0
26,2100,10,0.2,0,0,0
39,2800,22,0.073,2,1,0
57,6100,36,0.19,1,1,0
41,2200,24,0.077,1,0,0
34,2700,13,0.174,1,0,0
34,6100,11,0.125,3,0,0
20,17400,0,0.055,0,0,0
48,6700,32,0.15,2,1,0
37,2300,8,0.537,0,0,0
35,3300,11,0.14,1,1,0
75,6000,50,0.159,1,1,0
41,3600,16,0.073,1,1,0
28,6300,0,0.318,4,0,1
32,4900,16,0.202,2,0,0
51,8700,31,0.237,1,0,0
39,3900,23,0.261,2,0,0
20,8100,0,0.191,0,0,0
49,4400,27,0.488,1,1,0
29,2200,9,0.165,5,0,0
60,20400,42,0.336,1,1,0
50,1700,34,0.119,0,0,0
32,2600,10,0.348,2,0,1
53,3300,27,0.046,3,0,0
38,20500,20,0.136,1,0,0
48,14300,26,0.269,1,0,0
43,11900,27,0.184,1,0,0
27,3200,5,0.645,0,0,0
30,17700,11,0.237,1,1,0
50,6400,33,0.234,3,1,0
33,7800,16,0.27,1,0,0
33,4800,14,0.266,1,0,0
26,3700,4,0.172,0,1,0
43,4100,27,0.18,0,1,0
62,4900,43,0.356,3,0,0
25,5500,5,0.292,1,0,1
38,5700,22,0.084,1,0,0
54,4800,26,0.289,0,0,0
37,11200,20,0.154,1,1,0
43,1000,25,0.276,2,1,0
25,5400,8,0.215,0,0,0
43,6600,15,0.064,1,0,0
35,8300,12,0.318,0,1,0
49,4900,32,0.467,2,1,0
52,5500,27,0.512,2,1,0
69,10600,48,0.102,1,0,0
44,11300,22,0.159,0,0,0
41,3800,22,0.132,2,1,0
40,5500,22,0.147,4,0,0
33,11400,11,0.205,2,0,0
42,1300,24,0.227,1,1,0
34,2600,6,0.496,1,0,0
40,11400,24,0.122,1,1,0
53,9300,26,0.417,4,1,0
25,5300,5,0.306,1,0,0
51,3800,29,0.493,1,1,0
53,2900,29,0.263,2,0,0
36,3200,18,0.179,2,0,0
20,9200,0,0.027,1,1,0
30,2900,14,0.13,1,0,0
53,5600,35,0.117,2,0,0
37,2900,20,0.162,0,0,0
26,6800,10,0.23,1,1,1
31,3000,11,0.383,2,0,1
48,4500,26,0.397,2,1,0
44,1600,21,0.263,1,0,0
35,1600,14,0.087,0,0,0
33,4400,15,0.271,1,0,0
33,1800,11,0.244,0,0,0
26,13700,5,0.229,1,1,0
57,1600,33,0.5,1,1,0
34,2600,10,0.084,1,1,0
52,5100,31,0.218,1,0,0
56,4300,39,0.077,2,0,0
49,2600,31,0.167,0,0,0
32,2400,14,0.083,0,0,0
42,2600,23,0.29,4,1,0
37,3700,15,0.428,0,1,0
27,12300,4,0.259,2,1,0
41,4800,21,0.068,1,0,0
23,7600,2,0.187,1,1,0
52,6800,31,0.151,0,1,0
32,8300,14,0.035,0,0,0
40,1000,23,0.565,2,0,1
41,3900,25,0.528,0,1,0
34,9600,16,0.105,1,0,0
45,3300,23,0.353,0,0,0
32,12300,14,0.213,1,0,0
48,12000,28,0.199,2,0,0
21,2700,0,0.705,2,0,1
39,3200,16,0.329,2,0,0
61,3100,45,0.131,2,0,0
25,2500,1,0.214,0,0,0
29,1800,4,0.201,0,0,0
44,6300,28,0.324,1,0,0
40,1900,23,0.172,1,0,1
42,6300,17,0.362,1,0,0
43,6800,23,0.268,3,1,0
45,1800,29,0.027,0,1,0
51,13200,35,0.084,1,1,0
42,6400,22,0.129,3,0,0
35,7100,19,0.204,2,0,0
46,3100,27,0.124,0,0,0
60,7900,39,0.101,2,1,0
36,8100,10,0.357,1,1,0
26,3700,7,0.408,1,0,1
51,16000,26,0.188,2,1,0
36,4200,10,0.206,0,0,0
20,7200,0,0.199,1,1,0
48,5700,26,0.52,1,0,1
31,6200,15,0.107,1,0,0
36,1500,14,0.655,2,0,0
41,5400,16,0.155,2,0,0
40,2900,20,0.194,2,1,0
46,2700,19,0.194,1,0,0
32,11400,8,0.102,0,1,0
44,4000,21,0.058,2,0,0
34,2200,9,0.181,1,0,0
46,3800,24,0.245,1,1,0
45,2300,29,0.476,1,1,0
26,9400,7,0.182,4,0,1
51,3200,26,0.236,5,0,1
31,5900,14,0.198,0,0,0
47,11000,27,0.361,2,1,0
42,3600,26,0.201,1,1,0
60,7000,32,0.315,0,1,0
35,2200,8,0.168,1,0,0
33,19000,16,0.203,3,0,1
37,7700,16,0.425,0,1,0
34,3800,16,0.204,2,0,0
47,3000,24,0.058,0,0,0
20,3400,0,0.288,2,1,0
25,3000,1,0.198,0,0,1
25,12200,3,0.189,1,0,0
49,2100,17,0.284,4,0,1
58,5900,42,0.426,1,1,0
36,4500,20,0.135,2,0,0
35,4100,16,0.237,1,0,0
38,4300,22,0.31,2,0,0
51,4900,35,0.368,2,0,0
26,6900,10,0.134,1,0,0
40,6700,23,0.214,0,0,0
49,6600,32,0.098,0,0,0
44,1000,21,0.23,0,0,0
40,5600,22,0.293,2,0,0
50,1800,30,0.115,0,1,0
20,5400,0,0.343,0,0,0
46,12000,29,0.315,1,0,0
30,2400,11,0.263,1,0,1
20,3100,0,0.048,0,0,0
44,3400,28,0.306,0,1,0
54,11200,38,0.065,0,0,0
36,4600,14,0.301,1,0,0
49,13800,27,0.232,0,1,0
57,6300,28,0.252,1,0,0
53,5900,32,0.058,1,0,0
57,5400,33,0.249,2,1,0
46,7800,26,0.319,1,1,0
38,1600,16,0.127,2,0,0
20,3800,0,0.396,2,0,1
35,4300,19,0.103,1,0,0
27,6000,5,0.274,0,0,0
64,4700,35,0.484,2,1,0
35,2300,13,0.224,1,0,0
39,4300,12,0.061,3,0,1
44,2500,26,0.391,1,0,0
38,1300,18,0.273,0,0,0
58,8200,37,0.524,1,1,0
30,6100,14,0.135,2,0,0
40,6200,24,0.32,3,0,0
29,9300,13,0.35,0,0,0
22,2400,0,0.081,1,0,1
30,1600,6,0.164,0,0,0
37,4200,15,0.111,2,0,1
32,3300,8,0.452,1,1,0
29,2400,9,0.274,0,0,0
21,3500,0,0.346,0,0,1
37,3000,16,0.407,0,1,0
20,1200,0,0.028,3,0,1
47,3800,28,0.572,0,0,0
38,2100,15,0.143,2,0,0
20,4300,1,0.411,2,1,1
34,2800,10,0.49,0,1,0
28,8200,12,0.054,3,1,0
41,12500,25,0.378,1,0,0
54,7600,31,0.186,0,1,0
20,1400,0,0.312,0,0,0
39,11200,20,0.229,2,1,0
36,10800,12,0.057,1,0,0
46,5000,28,0.399,0,0,0
40,10100,20,0.464,3,1,0
28,2700,2,0.256,1,1,0
34,1300,7,0.035,1,0,0
28,2300,1,0.226,2,1,0
50,14300,31,0.352,1,1,0
38,1700,13,0.49,1,0,0
60,5500,43,0.208,1,0,0
37,4600,20,0.111,1,0,0
29,3100,13,0.363,0,1,0
20,2800,0,0.422,3,0,1
20,3900,3,0.524,3,1,0
20,2600,0,0.389,2,0,1
41,2100,24,0.242,1,0,0
44,5200,21,0.106,1,1,0
20,7000,1,0.074,0,0,0
48,8500,32,0.32,2,0,0
32,2500,10,0.212,1,0,1
39,2200,23,0.48,0,1,0
57,4600,40,0.374,1,1,0
48,13000,32,0.131,2,0,0
34,6600,18,0.505,0,1,0
27,6000,6,0.392,2,1,1
20,6500,4,0.319,0,0,0
29,5500,13,0.345,1,1,0
35,4600,15,0.548,1,0,0
26,5900,8,0.284,2,0,0
36,2900,8,0.241,1,0,0
38,1800,10,0.268,0,0,0
35,6900,18,0.41,0,1,0
30,8400,7,0.242,0,0,1
40,2300,17,0.271,2,0,0
43,7900,25,0.081,5,1,1
24,11000,8,0.049,1,0,0
54,5100,34,0.169,0,0,0
36,2600,16,0.168,1,1,0
38,4800,19,0.407,1,0,0
46,3400,24,0.133,0,1,0
40,3200,23,0.21,0,0,0
49,6600,33,0.391,1,0,0
41,1800,20,0.275,1,0,0
30,1700,8,0.159,1,0,0
42,4900,26,0.036,2,0,0
24,3600,0,0.27,0,0,0
39,5800,23,0.372,3,1,0
37,13900,19,0.376,1,1,0
35,4700,16,0.526,2,0,0
36,6400,18,0.371,1,0,0
20,2000,2,0.479,1,0,1
31,6000,3,0.104,1,0,0
39,3400,22,0.608,0,1,0
39,4200,9,0.407,0,0,1
25,3500,3,0.403,0,1,0
53,9500,32,0.279,0,1,0
27,1800,5,0.165,0,0,0
49,1100,18,0.127,2,1,0
43,4200,26,0.129,2,0,0
30,5600,14,0.294,2,0,1
59,6100,42,0.299,1,0,0
23,7800,2,0.462,0,0,0
49,6600,33,0.36,0,0,0
50,3500,29,0.484,2,0,0
29,900,2,0.195,1,0,0
54,4500,33,0.302,1,0,0
34,8000,15,0.587,1,0,0
41,3700,23,0.095,3,1,0
41,4500,17,0.157,1,0,0
36,5800,19,0.566,2,0,0
47,2500,19,0.378,1,0,1
47,6600,19,0.517,1,0,0
20,9700,0,0.164,0,0,0
53,4700,33,0.092,0,1,0
20,1800,0,0.203,0,0,0
50,4600,25,0.549,1,0,0
51,1400,34,0.592,0,0,0
24,4800,6,0.2,0,0,0
33,5800,17,0.479,3,0,1
24,10200,2,0.423,1,0,0
35,3700,12,0.321,3,1,0
34,5800,18,0.161,0,0,0
47,3000,28,0.317,2,0,0
53,4200,37,0.036,0,1,0
54,2200,37,0.208,3,1,0
31,3500,8,0.267,1,0,0
35,3600,17,0.099,2,0,0
20,4500,1,0.186,0,0,0
28,2900,12,0.148,0,0,0
49,5100,28,0.126,2,1,0
57,4400,37,0.524,1,1,0
23,3200,5,0.511,2,0,1
30,4300,10,0.213,3,0,0
37,4400,16,0.264,1,0,0
41,7400,24,0.312,2,1,0
28,3900,12,0.219,2,1,0
43,3600,15,0.194,0,1,0
32,3900,14,0.235,0,0,0
37,2900,17,0.039,1,1,0
44,3600,19,0.233,0,1,0
38,12800,3,0.288,1,1,0
32,2500,16,0.132,1,0,0
36,3600,14,0.184,1,0,1
36,3600,18,0.282,3,0,0
33,3700,15,0.514,1,0,1
34,3600,16,0.232,3,0,1
57,6500,41,0.249,0,0,0
44,1700,24,0.127,4,1,0
34,8300,18,0.241,1,0,0
46,6800,22,0.302,1,0,0
33,2000,12,0.25,0,0,0
52,1200,30,0.059,0,1,0
42,2600,23,0.274,4,1,0
36,3800,17,0.143,1,0,0
43,21600,21,0.013,3,0,0
20,5200,4,0.129,2,0,1
24,1300,5,0.416,0,0,0
23,2600,6,0.148,1,0,0
39,4500,22,0.332,0,0,0
58,6400,42,0.246,1,0,0
64,2500,38,0.234,0,0,0
45,4500,27,0.158,1,0,0
44,3000,19,0.502,2,1,0
20,1900,0,0.562,1,0,1
31,5100,15,0.289,0,0,0
28,6700,12,0.285,1,0,0
30,6000,0,0.103,2,1,0
35,5500,7,0.247,2,1,0
32,3100,12,0.255,4,0,1
20,5600,0,0.125,1,0,0
46,5900,28,0.55,1,1,0
25,4000,3,0.306,0,0,0
40,3200,22,0.347,0,1,0
62,4300,46,0.26,1,1,0
26,4300,10,0.349,1,0,0
20,15700,0,0.169,2,0,0
34,5400,18,0.364,0,0,0
51,3500,31,0.156,3,0,0
61,3400,45,0.427,1,1,0
23,2900,6,0.203,0,0,0
43,16600,19,0.291,2,1,0
32,3300,11,0.273,1,0,0
36,7600,16,0.12,0,1,0
69,4500,45,0.518,1,0,0
20,4300,0,0.234,2,0,1
41,7000,15,0.279,3,1,0
43,3400,24,0.405,1,0,0
51,3500,32,0.438,1,0,0
39,12700,23,0.411,2,0,0
41,8400,22,0.166,1,0,0
33,6600,9,0.165,3,0,0
41,6900,15,0.227,1,1,0
33,5300,9,0.464,1,1,0
45,16600,29,0.494,0,0,1
33,4100,8,0.359,0,0,1
42,6800,26,0.043,2,1,0
37,1700,13,0.586,1,0,1
51,3100,32,0.34,2,0,0
37,2100,14,0.21,0,1,0
20,8200,4,0.24,1,0,0
53,1100,28,0.303,1,0,0
27,3300,11,0.55,1,1,0
30,900,12,0.467,1,1,0
30,2600,13,0.056,2,0,0
54,4000,38,0.271,0,1,0
20,8400,0,0.115,1,0,0
75,7300,47,0.461,0,0,0
50,2700,19,0.428,1,0,0
40,8500,19,0.148,0,1,0
37,4300,12,0.3,1,1,0
41,4600,20,0.516,1,0,1
44,2300,22,0.41,2,1,0
45,2600,26,0.24,0,1,0
44,2800,23,0.217,0,0,0
39,4400,16,0.29,1,1,0
35,4600,17,0.559,1,1,0
36,11000,16,0.16,0,0,0
35,5500,15,0.401,3,0,1
51,1100,27,0.085,1,0,0
45,5900,29,0.34,0,0,0
20,1500,0,0.067,1,0,0
45,2400,17,0.364,1,0,0
40,2600,15,0.416,1,1,0
37,2700,11,0.167,0,1,0
33,1800,12,0.513,3,1,1
51,5600,29,0.411,0,1,0
49,2100,24,0.251,3,0,0
28,4600,1,0.406,0,0,0
42,18400,26,0.022,4,1,0
26,1800,10,0.561,3,0,1
21,3100,0,0.072,3,0,0
30,900,11,0.143,2,0,1
48,4100,30,0.022,1,0,0
49,7600,33,0.287,4,1,0
44,7400,26,0.08,1,1,0
46,5200,30,0.364,0,0,0
44,7400,15,0.262,3,0,0
30,18900,10,0.054,2,1,0
43,13100,23,0.248,0,0,0
47,3500,24,0.175,2,1,0
47,1900,23,0.392,2,0,0
52,3900,28,0.113,2,0,0
46,2700,21,0.211,2,0,0
42,6200,24,0.183,1,0,0
50,2500,31,0.318,1,0,0
37,4100,13,0.166,1,0,0
27,6700,9,0.482,1,1,0
36,4100,16,0.402,2,0,1
29,2300,7,0.33,3,0,0
29,7900,5,0.53,0,1,0
36,1500,20,0.043,1,0,0
28,3200,5,0.394,3,0,1
34,4200,14,0.429,2,0,0
20,3700,0,0.18,0,0,0
40,4900,16,0.305,0,1,0
38,6000,11,0.323,0,1,0
28,3700,2,0.094,0,0,0
45,3600,19,0.386,3,1,1
49,3700,23,0.454,0,0,0
20,2500,0,0.23,3,0,0
28,6300,7,0.103,1,1,0
28,2600,4,0.09,0,0,0
26,6300,3,0.161,2,1,0
47,5000,28,0.485,3,0,0
35,3100,13,0.328,0,0,0
34,6200,14,0.283,2,1,0
20,2500,3,0.356,1,0,0
45,6600,19,0.424,0,1,0
23,4200,2,0.314,1,0,1
38,2800,9,0.744,1,0,1
41,6600,25,0.269,0,1,0
54,7400,36,0.464,4,0,1
22,7400,1,0.525,1,0,1
20,6500,0,0.33,2,1,1
40,6000,18,0.21,2,1,0
59,2800,37,0.183,0,1,0
52,22900,36,0.182,3,1,0
40,2100,24,0.26,1,1,0
32,7200,10,0.396,1,0,0
47,6500,31,0.174,1,0,0
26,2000,8,0.163,1,1,1
43,4200,20,0.084,0,0,0
44,4700,27,0.514,3,0,0
50,10300,23,0.263,1,1,0
71,3800,46,0.054,2,1,0
42,4100,26,0.237,1,1,0
31,1100,14,0.164,1,0,0
37,13000,21,0.326,0,1,0
20,2000,3,0.001,1,0,1
29,4700,5,0.18,3,1,0
33,4000,14,0.104,0,1,0
31,3800,9,0.217,1,1,0
39,7600,23,0.33,0,0,0
28,10400,4,0.356,1,1,0
51,5900,33,0.326,3,0,0
38,6500,17,0.134,2,0,1
37,5300,17,0.113,3,0,0
34,8200,18,0.114,2,0,0
39,3600,23,0.196,0,0,0
47,8900,23,0.04,0,1,0
27,7500,5,0.069,0,0,0
30,7400,5,0.021,1,1,0
34,2900,12,0.069,2,0,0
21,3300,0,0.132,1,1,0
28,4800,12,0.146,0,0,0
32,1900,13,0.049,0,0,0
48,12800,28,0.259,4,1,0
41,4200,13,0.383,2,0,0
40,5200,17,0.499,2,1,0
48,3300,21,0.426,0,1,0
36,1900,13,0.171,0,0,0
42,3200,24,0.41,0,0,0
36,5000,15,0.287,0,0,0
41,6900,20,0.312,3,0,1
31,4700,14,0.153,0,1,0
20,4600,1,0.097,0,0,0
36,3600,16,0.204,0,0,0
55,6600,28,0.077,1,1,0
49,12600,33,0.298,1,1,0
49,7300,24,0.209,0,1,0
52,8500,35,0.229,0,1,0
39,5500,23,0.494,1,0,0
40,1800,15,0.104,0,1,0
30,2100,7,0.032,1,0,0
34,5300,8,0.319,2,0,0
45,4500,21,0.194,0,0,0
52,6100,23,0.273,1,1,0
36,11600,13,0.352,3,1,0
32,6400,12,0.658,0,1,0
38,9200,16,0.424,2,1,0
45,4900,20,0.219,2,0,0
20,2300,3,0.129,1,0,0
20,3600,2,0.291,1,1,0
31,2500,12,0.134,0,0,0
23,10100,7,0.31,2,0,1
31,6600,10,0.566,1,1,0
36,6200,20,0.711,1,0,1
32,8600,11,0.292,2,0,1
55,1500,31,0.174,1,1,0
41,6600,22,0.256,3,1,0
41,2000,14,0.249,2,0,1
45,4900,29,0.088,1,0,0
24,3000,0,0.292,0,0,1
50,7200,27,0.151,0,1,0
37,5300,21,0.223,0,0,0
46,9700,15,0.288,4,1,0
25,2700,5,0.557,3,0,1
20,5800,3,0.509,1,1,0
47,5600,31,0.168,0,1,0
42,1800,22,0.358,2,1,0
27,2300,7,0.502,1,0,0
27,3500,6,0.16,1,0,0
51,9900,32,0.3,1,0,0
23,4800,0,0.157,1,1,1
57,2700,38,0.284,1,0,0
27,3800,11,0.317,0,1,0
45,16000,25,0.397,1,0,0
34,4800,18,0.547,1,1,0
45,3900,23,0.489,0,0,0
31,5800,14,0.452,4,1,1
36,6900,15,0.24,1,1,0
38,3200,12,0.121,1,1,0
25,5400,8,0.058,2,1,0
46,3800,21,0.466,1,0,0
31,6400,12,0.452,0,0,1
35,4400,7,0.252,0,0,0
26,5300,7,0.512,2,0,0
20,2400,3,0.243,0,0,1
35,2500,12,0.352,0,0,0
66,10200,47,0.523,0,0,0
47,4800,30,0.046,1,1,0
37,5300,18,0.275,2,0,1
34,3500,14,0.376,2,0,0
38,7100,12,0.107,1,0,0
44,3400,28,0.367,0,0,0
23,3500,2,0.127,0,0,0
51,7800,28,0.324,2,0,0
46,9700,25,0.258,1,1,0
46,3400,20,0.476,3,0,1
43,15200,23,0.112,3,0,0
38,5400,18,0.177,0,0,0
46,2400,23,0.437,0,0,0
45,5800,24,0.127,0,0,0
33,3400,14,0.287,1,1,0
31,5200,8,0.345,1,0,1
39,4400,21,0.272,1,0,0
56,5600,38,0.4,0,1,0
23,2200,5,0.507,0,0,0
20,6600,0,0.343,5,0,1
39,2300,23,0.106,2,0,0
38,2300,16,0.194,1,1,0
40,5600,19,0.173,2,0,1
40,12400,24,0.337,2,0,0
35,3400,13,0.174,4,1,0
55,7800,33,0.032,0,1,0
20,6900,0,0.507,0,0,1
28,6800,12,0.105,0,0,0
36,3400,10,0.22,1,1,0
20,1900,2,0.363,0,1,1
35,1200,12,0.227,0,0,1
57,4400,34,0.226,1,1,0
38,9300,21,0.711,1,0,1
40,2300,17,0.191,2,1,0
22,5700,3,0.514,2,0,1
30,2500,14,0.19,1,1,1
33,4300,8,0.461,1,1,0
34,6800,17,0.088,5,0,1
53,3600,36,0.125,2,1,0
44,5200,25,0.437,0,0,0
24,2900,2,0.195,0,0,1
40,7000,20,0.645,0,0,0
43,5200,20,0.296,0,0,0
51,5500,35,0.321,2,0,0
56,13700,38,0.167,2,1,0
25,5700,5,0.092,0,0,1
28,2400,0,0.225,0,0,0
22,3600,2,0.038,1,1,0
35,3900,10,0.4,0,1,0
43,4800,22,0.16,0,1,0
49,22800,30,0.226,4,1,0
37,5500,17,0.341,1,0,0
34,1300,14,0.17,1,0,0
39,3100,16,0.311,1,0,1
27,1100,1,0.221,0,0,0
63,4500,41,0.196,1,0,0
20,1100,0,0.299,0,1,0
40,2800,23,0.193,2,0,0
62,2300,43,0.573,1,0,0
38,5800,20,0.083,2,1,1
35,4200,13,0.243,0,0,0
33,5200,14,0.099,1,0,0
35,3900,12,0.668,1,1,0
54,2300,37,0.536,1,1,0
20,5000,0,0.491,1,1,1
56,16200,33,0.017,1,0,0
20,4900,4,0.325,0,0,0
34,3000,5,0.234,1,0,0
32,1700,13,0.456,0,1,0
45,2900,29,0.259,1,1,0
20,4800,0,0.208,1,0,0
43,8800,22,0.333,3,0,1
62,6600,42,0.377,3,1,0
21,5900,0,0.25,0,1,0
40,6800,17,0.388,1,0,0
30,5400,8,0.23,2,0,1
43,3200,21,0.336,1,0,0
38,4900,18,0.64,0,0,0
30,2300,2,0.257,0,1,0
43,4900,27,0.415,1,1,0
59,6500,38,0.36,1,1,0
35,11800,14,0.185,2,0,0
46,2200,22,0.297,3,0,0
22,5200,5,0.175,2,0,0
26,10000,10,0.148,2,0,0
43,7300,22,0.215,0,0,0
55,8500,33,0.093,0,1,0
42,6200,16,0.349,0,0,0
34,9700,18,0.22,2,0,0
37,2200,12,0.645,0,0,1
22,1600,0,0.162,3,0,1
45,4800,26,0.515,2,0,0
48,1400,32,0.733,0,0,0
32,8800,13,0.311,0,1,0
32,8600,11,0.211,0,1,0
41,3400,18,0.26,2,0,0
32,3400,14,0.419,2,0,1
37,3900,10,0.314,0,0,0
63,6000,47,0.081,2,1,0
35,4800,19,0.105,2,1,0
33,5600,8,0.565,2,0,1
30,3900,14,0.051,2,0,0
46,8500,26,0.15,1,1,0
35,4900,2,0.524,0,1,0
30,2800,10,0.282,1,0,1
53,11800,37,0.486,3,1,0
55,2300,35,0.349,0,0,0
30,3800,10,0.183,2,1,0
20,6500,0,0.251,1,0,0
50,3200,27,0.086,2,0,0
29,5100,13,0.307,0,0,1
47,6200,20,0.312,1,0,0
20,2200,0,0.014,3,0,1
48,4600,25,0.101,0,1,0
23,3500,5,0.047,2,1,0
46,3200,20,0.394,2,1,0
38,17900,19,0.392,2,1,0
26,2400,4,0.12,2,0,0
33,8000,16,0.008,0,0,0
46,4000,29,0.352,1,0,0
39,2300,16,0.296,1,0,0
45,5200,26,0.445,2,1,0
61,8400,44,0.194,1,0,0
20,6500,2,0.265,0,1,0
57,13300,34,0.103,1,1,0
39,26900,21,0.37,2,1,0
27,4600,7,0.505,2,1,1
22,2400,1,0.555,1,0,0
35,5900,19,0.209,0,0,0
49,4400,33,0.291,1,0,0
36,7400,14,0.036,2,0,0
56,2500,38,0.189,1,1,0
20,15100,0,0.088,1,0,1
37,7100,13,0.278,0,0,0
22,1300,0,0.393,2,0,1
42,2800,14,0.364,2,1,0
48,8000,28,0.316,1,0,0
32,8200,9,0.317,2,0,1
20,1700,2,0.365,0,0,0
40,6300,10,0.284,1,0,0
43,1300,15,0.188,1,0,0
42,4400,21,0.103,2,1,0
52,9800,30,0.313,2,0,0
25,2600,0,0.082,2,0,1
46,2000,26,0.365,2,1,0
52,5700,34,0.458,0,0,0
20,2500,0,0.163,1,1,0
41,6600,20,0.319,1,1,0
31,2400,10,0.507,3,0,1
37,2900,20,0.053,2,0,0
42,1500,26,0.171,1,1,0
32,4600,11,0.133,0,0,0
29,3500,5,0.209,3,0,1
38,2200,18,0.358,0,0,0
24,4100,0,0.418,1,0,0
24,7200,6,0.046,0,0,0
46,4400,30,0.255,0,0,0
24,4500,4,0.048,1,0,1
45,5600,25,0.603,3,1,0
43,2200,19,0.626,1,0,1
20,13000,3,0.183,0,0,0
29,2800,3,0.074,0,0,0
52,7000,24,0.182,0,0,0
26,6200,6,0.061,2,1,0
32,3600,7,0.286,3,0,1
43,7000,27,0.254,0,0,0
47,5400,22,0.391,0,1,0
34,1800,9,0.163,1,0,0
30,3200,6,0.153,1,0,0
55,3600,35,0.157,1,0,0
58,4300,42,0.144,1,0,0
49,2400,31,0.297,2,1,0
39,9100,21,0.342,2,0,1
28,10800,11,0.318,0,0,0
28,7100,7,0.429,4,0,1
44,10200,25,0.29,1,0,0
43,4000,26,0.213,1,0,0
54,3700,38,0.554,1,0,0
45,3100,27,0.35,1,0,0
20,5400,0,0.061,1,0,0
50,5900,32,0.451,2,1,0
26,3900,8,0.075,2,0,0
33,9300,14,0.139,1,1,0
41,5700,19,0.406,2,1,0
61,3300,39,0.227,2,0,0
75,3900,50,0.123,4,1,0
45,6900,20,0.177,2,1,0
35,7600,9,0.419,0,1,0
44,6900,28,0.142,0,1,0
48,15800,31,0.155,1,0,0
34,11500,15,0.604,0,0,1
59,7200,42,0.214,2,1,0
40,2700,19,0.155,0,1,0
43,2300,27,0.637,0,0,0
45,4000,29,0.348,0,0,0
43,6800,16,0.47,2,0,0
48,15100,31,0.199,0,0,0
30,5000,5,0.322,1,0,0
31,8100,9,0.531,0,1,0
24,3400,8,0.45,1,1,0
43,6600,20,0.342,1,0,0
47,8000,27,0.17,0,1,0
43,1400,24,0.265,1,0,1
58,4100,37,0.371,0,1,0
37,7600,15,0.173,1,1,0
46,5500,23,0.173,3,0,0
24,1800,0,0.431,2,0,1
33,900,11,0.435,1,0,1
46,4000,30,0.248,1,1,0
48,4800,29,0.141,0,0,0
34,2200,2,0.512,1,0,1
37,4700,14,0.331,1,1,0
20,4900,0,0.136,2,0,1
33,5900,7,0.64,1,0,1
48,1200,27,0.409,0,1,0
44,2200,22,0.144,2,1,0
44,3900,24,0.152,0,1,0
38,6500,22,0.159,1,1,0
38,5900,17,0.315,1,0,0
30,5100,5,0.156,1,1,0
46,3900,28,0.337,1,0,0
43,3800,21,0.345,1,0,0
43,3000,19,0.126,0,0,0
31,6800,14,0.208,3,1,0
20,2100,1,0.196,1,0,0
51,8800,35,0.222,1,1,0
32,4900,15,0.122,0,0,0
27,4000,11,0.168,0,0,0
46,3400,29,0.132,2,1,0
33,1700,7,0.287,1,0,0
50,3500,33,0.227,3,1,0
45,3900,24,0.518,1,1,0
46,1200,28,0.52,1,0,0
21,3200,0,0.282,2,1,0
52,8300,26,0.383,1,1,0
41,6200,17,0.316,4,0,0
33,3100,11,0.122,0,1,0
39,4600,19,0.199,0,1,0
20,2700,4,0.247,1,0,1
42,4700,14,0.302,3,1,0
25,10100,8,0.23,2,0,0
21,6500,0,0.362,0,0,0
20,5000,0,0.144,2,0,1
51,3800,33,0.55,1,0,0
30,6100,5,0.322,0,0,0
56,1800,32,0.405,0,0,0
31,3300,4,0.07,0,0,0
20,5300,1,0.316,1,1,0
24,6300,8,0.541,1,0,0
52,7700,34,0.144,3,1,0
36,5100,15,0.303,1,1,0
31,3600,10,0.277,1,0,0
39,6200,20,0.235,1,0,0
44,2800,28,0.259,2,1,0
51,3000,29,0.09,2,0,0
55,5100,27,0.358,1,0,0
33,4600,11,0.155,0,0,0
22,1200,0,0.373,0,0,0
33,5400,10,0.424,0,1,0
41,7200,19,0.16,2,0,0
26,3600,2,0.295,0,0,1
26,15900,4,0.547,1,0,0
42,3100,23,0.309,2,0,0
37,3600,20,0.248,0,0,0
38,3600,18,0.186,2,1,0
28,3800,6,0.271,1,1,0
35,3600,16,0.087,1,0,0
26,1700,4,0.312,3,1,0
48,3400,26,0.265,2,0,0
50,4500,26,0.145,0,1,0
20,7600,0,0.091,2,0,1
26,14400,5,0.149,2,0,0
20,8500,4,0.118,1,0,0
30,2600,11,0.346,0,0,0
36,2800,15,0.051,2,1,0
20,3500,4,0.074,0,1,0
26,10600,0,0.397,0,0,1
25,3500,4,0.179,1,0,0
40,2000,18,0.398,2,0,0
38,3100,12,0.095,4,1,0
29,6500,11,0.481,3,0,1
40,6700,17,0.292,0,0,0
31,3600,11,0.311,1,1,0
34,6500,14,0.233,0,0,0
58,1400,41,0.124,2,1,0
54,5200,27,0.208,0,1,0
22,6300,3,0.367,1,1,0
47,2900,24,0.166,1,0,0
47,3100,31,0.058,1,0,0
24,1200,0,0.25,3,0,1
47,12100,22,0.153,3,1,0
56,3400,35,0.344,2,0,0
24,4400,4,0.316,3,0,1
26,5500,4,0.106,0,1,0
50,11200,20,0.33,2,1,0
41,4300,25,0.35,1,0,0
44,3200,20,0.418,3,1,0
42,5200,25,0.381,1,1,0
42,10100,22,0.347,3,0,1
22,3400,2,0.475,2,0,1
50,2900,31,0.53,3,0,0
52,2000,32,0.304,1,0,0
35,2100,19,0.341,0,0,0
37,7000,12,0.167,3,1,1
20,3200,4,0.094,2,0,0
44,3200,21,0.347,0,0,0
44,3200,25,0.339,0,0,0
37,4800,21,0.306,1,0,0
51,4400,30,0.466,0,1,0
33,3800,17,0.056,2,1,0
44,10600,23,0.345,0,1,0
25,10200,9,0.102,1,0,0
37,1700,15,0.369,0,0,0
35,5400,18,0.056,3,0,1
40,2900,21,0.323,2,0,0
33,3500,11,0.682,2,1,0
36,5400,19,0.2,0,0,0
47,4300,27,0.172,0,1,0
32,5000,16,0.424,2,0,0
20,5500,0,0.354,1,0,1
58,5900,30,0.164,0,1,0
54,3200,22,0.295,0,1,0
22,2500,1,0.295,1,0,1
46,1900,22,0.385,1,0,0
31,2600,15,0.449,0,0,0
41,13900,14,0.303,3,1,1
41,2800,17,0.342,0,0,0
35,2200,16,0.209,1,0,0
28,4600,3,0.574,3,1,1
29,3800,10,0.273,1,0,0
27,3500,8,0.339,2,1,0
28,9100,6,0.419,1,1,0
37,6400,21,0.218,1,0,0
29,2700,4,0.345,4,0,1
46,3800,30,0.328,0,0,0
55,4000,39,0.602,2,0,1
31,7300,14,0.126,2,0,0
40,3600,16,0.075,2,1,0
43,1600,25,0.276,1,0,0
43,4700,27,0.279,2,1,0
38,1800,20,0.034,1,0,0
46,17900,26,0.259,3,0,0
43,2700,27,0.038,1,0,0
23,3600,7,0.233,1,0,0
48,5300,19,0.365,2,1,0
48,4300,31,0.109,0,0,0
28,3400,9,0.348,2,1,0
38,5800,19,0.212,1,0,0
46,12200,27,0.256,0,0,0
35,6700,12,0.332,2,0,1
50,11700,26,0.229,1,0,0
66,3000,47,0.373,1,1,0
28,5100,12,0.326,0,0,0
21,4000,0,0.408,3,1,1
41,5700,21,0.042,2,0,0
46,10300,19,0.454,0,1,0
35,4000,19,0.258,2,0,0
55,4100,34,0.146,0,0,0
21,5000,0,0.111,2,0,0
46,1700,27,0.161,2,1,0
30,3600,10,0.298,1,0,0
58,4900,36,0.182,1,1,0
61,3200,43,0.423,1,1,0
28,7700,9,0.123,1,1,0
31,2200,12,0.335,0,0,0
48,4700,30,0.371,1,0,0
33,4700,8,0.327,1,1,0
37,9700,15,0.199,1,1,0
38,4300,16,0.171,0,1,0
20,6400,0,0.354,1,0,1
37,6700,18,0.188,1,0,0
29,4500,12,0.202,0,0,0
32,2200,14,0.199,1,0,0
55,2100,34,0.44,0,0,0
22,4200,6,0.38,0,0,1
47,3500,29,0.07,0,0,0
34,7600,16,0.347,0,1,0
34,6100,5,0.064,0,1,0
47,4600,31,0.25,0,1,0
42,2300,22,0.391,1,0,0
44,5900,17,0.222,2,1,0
49,2700,28,0.034,0,0,0
34,2600,10,0.487,0,0,1
30,2200,9,0.442,2,1,0
24,3700,6,0.268,1,0,1
28,8400,12,0.271,1,0,0
73,5800,50,0.388,2,0,0
52,4000,35,0.104,3,0,0
21,1600,4,0.142,3,0,1
22,5300,3,0.2,4,1,0
43,2800,16,0.745,1,0,0
44,4600,14,0.292,1,0,0
44,3700,23,0.371,1,1,0
34,7100,15,0.345,3,0,1
36,4100,20,0.307,0,0,0
41,4300,19,0.058,2,0,0
39,5600,11,0.075,2,0,0
20,12900,0,0.341,2,1,0
35,7700,19,0.375,0,1,1
27,3700,4,0.251,1,0,0
40,4300,16,0.241,1,0,1
73,4400,50,0.063,1,1,0
42,2700,21,0.132,2,0,0
34,3000,12,0.358,0,0,0
49,3100,29,0.221,4,0,0
43,7200,26,0.369,2,1,0
43,2300,18,0.32,3,0,0
45,10700,26,0.247,1,1,0
62,9000,46,0.105,0,1,0
24,4100,8,0.225,1,0,0
43,4400,17,0.232,1,1,0
26,2700,3,0.261,1,0,1
44,5500,23,0.177,0,1,0
26,7600,7,0.304,1,0,0
32,2800,14,0.548,1,0,1
34,1800,18,0.179,0,0,0
49,7700,30,0.629,2,0,0
49,6200,33,0.366,0,0,0
23,2000,5,0.152,0,0,0
38,2800,19,0.132,0,0,0
29,2400,6,0.536,0,1,0
22,2500,2,0.073,2,0,1
35,3400,11,0.218,4,0,1
34,3400,8,0.219,2,0,0
67,3800,42,0.256,0,0,0
43,2900,21,0.387,2,0,1
21,3200,0,0.15,2,0,1
31,4700,14,0.205,2,0,0
50,4000,27,0.312,0,1,0
63,10600,36,0.285,2,1,0
20,4900,0,0.457,1,0,1
20,1400,0,0.1,4,0,0
60,7800,44,0.352,1,1,0
42,6900,26,0.22,0,0,0
27,2900,3,0.328,0,0,1
44,1900,22,0.175,1,0,1
20,3700,0,0.398,0,0,1
38,4400,18,0.154,0,0,0
41,2500,24,0.374,4,1,0
49,2000,29,0.36,1,0,0
25,3900,9,0.197,1,1,0
39,4100,23,0.61,1,0,0
26,2900,2,0.363,1,0,1
41,4200,17,0.149,0,1,0
27,2000,5,0.292,1,0,0
33,3400,17,0.153,1,0,0
26,5400,7,0.336,0,1,0
45,4100,29,0.399,2,0,0
48,1700,23,0.146,2,0,0
35,3300,17,0.058,0,1,0
38,2400,22,0.046,2,1,0
20,4300,0,0.505,1,0,0
34,5300,16,0.288,0,0,0
37,1500,11,0.297,0,1,0
69,9300,50,0.199,3,1,0
24,2100,8,0.161,0,0,0
55,13800,39,0.058,0,0,0
49,4800,29,0.523,1,1,0
41,2200,23,0.116,0,0,0
59,2800,43,0.333,0,0,0
42,5500,17,0.326,2,1,1
42,3600,19,0.203,2,0,0
37,4100,17,0.137,0,0,0
52,12700,26,0.279,1,0,0
51,3200,28,0.173,1,1,0
30,4400,13,0.115,1,1,0
22,9100,6,0.128,2,0,0
35,4900,11,0.191,0,1,0
28,1500,6,0.069,1,1,0
37,5900,16,0.032,1,0,0
52,2600,35,0.051,2,1,0
32,9500,9,0.238,1,1,0
37,2800,20,0.032,1,1,0
38,26500,18,0.026,3,0,0
48,11200,22,0.409,3,0,0
20,2400,2,0.137,3,0,1
30,4300,14,0.253,1,0,0
40,7400,24,0.401,0,0,0
52,7800,28,0.147,0,1,0
32,5300,10,0.406,2,0,1
20,7700,0,0.245,5,0,1
45,4500,27,0.324,2,1,0
30,3200,8,0.486,1,0,1
23,3200,6,0.18,1,0,0
30,6700,8,0.341,0,1,0
35,5500,17,0.015,0,0,0
30,5000,13,0.035,1,0,0
20,6000,2,0.334,3,0,1
48,1500,29,0.198,1,0,0
53,6200,33,0.258,0,1,0
45,5500,24,0.109,2,1,0
24,10900,8,0.304,1,1,0
35,1800,18,0.509,3,1,0
37,11400,18,0.207,2,0,0
45,4700,18,0.267,1,1,0
46,6700,30,0.259,1,1,0
29,11000,8,0.117,0,1,0
38,5900,12,0.194,2,0,1
43,6200,27,0.063,1,0,0
55,5900,33,0.588,2,1,0
46,3700,29,0.355,3,0,1
47,4900,29,0.332,1,1,0
39,3100,22,0.275,4,0,1
54,5100,36,0.633,5,0,1
42,1000,11,0.026,3,0,0
27,4900,3,0.086,0,0,0
54,4600,29,0.428,1,0,0
46,3900,24,0.468,0,1,0
32,5000,16,0.223,1,1,0
32,1700,10,0.567,1,0,1
41,13900,16,0.287,2,1,0
43,4500,26,0.658,1,0,0
40,4000,16,0.423,3,0,0
41,2400,18,0.322,0,0,0
58,5100,30,0.208,1,1,0
50,11700,31,0.367,2,0,0
40,8800,24,0.085,0,0,0
49,8400,30,0.149,2,0,0
25,5100,0,0.226,1,1,0
42,3800,26,0.482,0,0,0
59,2300,43,0.355,5,1,0
35,3800,14,0.406,2,0,1
27,3500,8,0.414,3,0,1
30,7600,9,0.445,0,1,0
24,4400,0,0.28,0,1,0
28,10800,10,0.326,3,0,0
33,9100,17,0.308,0,0,0
21,2800,0,0.479,4,0,1
38,1500,21,0.237,1,0,0
48,11800,32,0.149,0,0,0
27,8400,2,0.053,1,0,0
56,2300,37,0.237,2,0,0
44,11700,24,0.149,0,0,0
50,6200,28,0.264,1,0,0
30,4200,5,0.069,0,1,0
48,13100,29,0.055,1,0,0
24,8200,0,0.109,0,0,0
48,7600,32,0.556,0,1,0
40,5800,16,0.201,1,0,0
44,7100,27,0.259,2,1,0
23,2900,0,0.467,2,0,1
27,3800,6,0.286,2,0,0
45,2800,27,0.286,0,0,0
26,3100,3,0.122,1,0,0
43,3600,19,0.517,1,0,0
21,2500,0,0.162,1,0,0
48,5600,32,0.149,2,0,0
23,3200,4,0.33,0,1,0
44,6400,24,0.383,2,0,0
45,1800,25,0.223,1,0,0
29,3700,6,0.124,3,0,0
44,5300,28,0.159,3,0,0
41,3700,19,0.231,1,0,0
31,3800,12,0.322,2,0,1
25,1500,8,0.159,2,0,0
20,4600,2,0.798,0,0,0
42,6900,22,0.537,1,1,0
20,5100,4,0.244,0,0,0
39,8600,21,0.114,1,0,0
34,5000,17,0.102,1,1,0
46,6300,23,0.539,1,1,0
34,4800,17,0.353,0,1,0
34,6500,14,0.065,1,0,0
46,1700,19,0.404,3,0,0
42,2600,18,0.104,0,0,0
41,11400,17,0.131,0,0,0
43,1000,24,0.393,0,0,0
20,3300,0,0.215,1,0,0
47,9900,27,0.489,3,0,1
45,4500,25,0.415,1,1,0
25,3000,3,0.293,0,0,0
35,4700,17,0.064,1,0,0
37,3300,11,0.213,1,1,0
36,4400,16,0.132,0,0,0
42,3000,19,0.209,2,0,0
55,9700,29,0.369,1,0,0
50,11300,25,0.247,1,1,0
22,3700,6,0.177,2,1,0
45,2100,23,0.182,0,0,0
53,3700,29,0.113,4,0,0
42,4000,18,0.144,1,1,0
51,7000,35,0.287,3,1,0
62,3100,44,0.385,2,0,0
50,3000,26,0.169,0,0,0
40,6300,23,0.367,3,0,1
50,8900,31,0.223,0,0,0
39,2900,12,0.493,0,0,0
38,2000,18,0.349,0,0,0
33,31000,15,0.193,1,1,0
56,8600,39,0.306,0,1,0
28,3300,6,0.394,2,0,1
56,9200,40,0.172,3,1,0
43,4400,23,0.563,1,1,0
21,6100,0,0.123,0,0,0
42,4800,16,0.326,1,0,1
20,3800,0,0.34,1,0,1
45,4500,27,0.397,1,1,0
48,1900,23,0.091,2,1,0
30,13200,11,0.572,0,1,0
39,2700,23,0.146,0,0,0
61,2400,41,0.375,0,1,0
31,3400,5,0.324,1,0,1
25,2100,4,0.399,1,0,1
55,5000,34,0.238,1,0,0
61,7800,34,0.078,1,1,0
38,8400,22,0.371,2,1,0
50,8400,34,0.244,0,0,0
54,4400,38,0.283,2,1,0
29,4100,7,0.044,2,0,0
32,5300,11,0.617,1,0,1
52,1700,25,0.118,0,1,0
58,7500,37,0.14,1,0,0
44,2000,25,0.3,0,0,0
27,13300,6,0.298,0,1,0
61,4400,40,0.423,2,0,0
31,3900,15,0.11,0,0,0
33,2400,2,0.655,2,1,1
42,3100,19,0.204,2,0,0
56,20400,35,0.292,0,1,0
48,8400,25,0.17,1,0,0
42,1700,19,0.531,3,1,0
43,11600,23,0.157,1,0,0
38,9200,20,0.198,1,1,0
44,3900,21,0.44,0,0,0
20,4400,0,0.492,3,0,1
34,4400,17,0.377,3,1,0
40,14000,14,0.223,2,0,0
24,2400,2,0.269,2,0,0
42,5000,19,0.447,0,0,0
35,3100,9,0.5,1,0,0
59,2200,38,0.147,0,1,0
56,19400,34,0.049,1,0,0
32,2000,8,0.085,1,0,0
36,5100,18,0.464,1,0,0
37,1600,16,0.253,2,0,0
32,3300,11,0.183,1,0,0
40,6100,23,0.161,0,1,0
28,2200,0,0.587,1,1,0
24,5700,8,0.475,3,0,0
45,4200,29,0.277,1,0,0
45,9000,19,0.372,2,1,0
28,8700,5,0.323,1,0,0
48,3600,32,0.194,0,0,0
30,4100,7,0.337,1,0,0
41,4900,15,0.224,2,0,0
47,7100,27,0.469,2,1,0
37,4000,6,0.292,0,0,0
43,5500,27,0.335,2,1,0
31,3400,8,0.244,2,0,1
35,4400,10,0.294,2,1,0
35,9000,11,0.367,4,1,1
29,6000,9,0.279,0,0,0
35,6600,16,0.432,1,0,0
20,5600,0,0.377,2,0,1
32,3600,8,0.343,1,0,0
34,5000,11,0.265,0,0,0
34,2100,9,0.322,1,0,1
35,9700,19,0.347,1,1,0
37,1000,17,0.133,1,1,0
43,4600,26,0.189,1,0,0
48,9800,29,0.079,0,0,0
30,1700,5,0.35,2,1,0
23,4700,2,0.2,0,0,0
25,2400,0,0.151,2,0,1
32,3300,11,0.245,0,1,0
33,7400,12,0.1,0,0,0
28,4500,7,0.097,0,0,0
22,1200,4,0.181,0,0,0
32,2300,12,0.17,1,0,0
40,7700,15,0.305,1,0,0
45,6200,24,0.072,1,0,0
31,12200,14,0.244,0,0,0
33,12000,16,0.06,1,0,0
26,3300,7,0.496,1,0,0
37,19600,16,0.14,2,1,0
27,3800,2,0.181,1,0,0
44,2700,28,0.476,0,0,0
20,2500,1,0.089,1,0,0
33,1000,12,0.35,1,0,0
41,12500,25,0.485,0,1,0
40,12200,23,0.215,1,1,0
70,3200,50,0.134,0,1,0
42,4200,25,0.108,1,0,0
25,4100,4,0.322,1,0,1
36,2400,16,0.239,0,0,0
20,1300,2,0.031,0,1,0
37,3800,15,0.279,1,0,0
28,3000,1,0.293,0,0,1
48,3700,21,0.169,0,1,0
31,5000,15,0.399,0,0,0
36,10000,13,0.016,0,0,0
30,3400,10,0.335,2,0,1
58,5800,37,0.402,0,1,0
34,6600,15,0.451,0,0,1
59,7500,38,0.32,3,0,0
47,3300,26,0.206,0,1,0
43,5100,25,0.265,0,0,0
42,6700,25,0.12,1,1,0
42,2400,23,0.176,3,0,0
20,7800,0,0.175,1,0,1
34,9800,11,0.3,1,1,0
48,3100,24,0.045,2,0,0
37,5000,18,0.289,2,0,0
21,5400,0,0.164,1,0,0
37,3000,13,0.516,3,0,1
58,6900,33,0.314,1,1,0
52,5600,32,0.063,1,0,0
37,1800,17,0.324,1,0,0
49,6500,28,0.412,1,0,0
33,2300,17,0.3,0,0,0
20,6400,0,0.184,4,1,1
26,2500,3,0.32,0,0,0
56,4700,33,0.396,0,1,0
34,9900,15,0.644,1,0,1
35,5800,14,0.466,1,0,0
34,2300,17,0.387,0,1,0
60,2900,37,0.286,1,0,0
57,3700,37,0.091,1,0,0
64,7200,45,0.306,2,1,0
36,5500,17,0.189,1,0,0
41,2800,21,0.465,0,1,0
20,1800,1,0.144,2,0,1
55,6000,32,0.294,0,1,0
23,3500,4,0.512,1,0,0
40,15500,13,0.248,2,0,0
24,3700,0,0.446,2,1,1
30,12600,13,0.339,1,0,0
27,1900,6,0.683,0,0,1
30,1600,12,0.229,0,0,0
31,2200,12,0.084,2,0,0
31,7600,2,0.094,2,0,0
48,14200,29,0.067,2,0,0
24,2400,2,0.199,2,0,0
40,3400,17,0.31,1,1,0
52,2600,36,0.332,1,1,0
31,1400,14,0.314,2,0,1
29,6500,13,0.236,1,0,1
35,5100,18,0.684,1,0,1
52,5400,36,0.291,2,0,1
40,1900,17,0.411,1,1,0
31,9900,2,0.181,1,0,0
43,3400,22,0.336,0,0,0
24,5500,8,0.141,0,0,0
46,2000,28,0.052,2,0,1
42,4100,23,0.237,1,0,0
34,5300,18,0.174,0,0,0
27,4600,3,0.223,1,0,0
27,4200,3,0.211,1,0,1
44,6600,28,0.105,1,1,0
52,2500,29,0.136,1,0,0
30,4300,3,0.122,1,0,0
43,4600,15,0.22,1,0,0
20,4200,0,0.01,2,0,0
30,4400,13,0.155,0,0,0
37,1800,5,0.305,2,1,0
27,1900,8,0.382,0,0,1
26,1100,8,0.202,0,0,0
29,6400,7,0.241,1,1,0
41,7700,23,0.301,2,1,0
35,7000,13,0.39,1,0,0
20,4600,4,0.054,0,0,0
20,1000,0,0.189,0,1,0
30,2100,4,0.306,0,0,0
43,5200,23,0.215,1,0,0
20,3900,0,0.103,2,0,1
32,3600,10,0.241,1,0,0
31,4800,6,0.369,1,0,0
54,5500,38,0.701,1,1,0
33,4400,10,0.453,0,0,0
42,3200,23,0.312,0,0,0
39,8100,18,0.233,1,0,1
20,2800,0,0.443,2,0,1
47,2200,31,0.248,1,1,0
40,3000,24,0.394,2,1,0
44,4100,28,0.141,1,1,0
75,10700,50,0.11,1,1,0
20,3500,0,0.237,1,0,0
58,4900,38,0.08,1,0,0
34,2100,18,0.196,1,0,0
41,7400,22,0.254,0,1,0
37,3200,21,0.286,0,1,0
32,4100,16,0.261,0,0,0
31,9800,9,0.02,0,1,0
41,6400,25,0.235,1,0,0
20,1400,0,0.583,0,1,0
47,1700,27,0.354,3,1,0
33,4000,12,0.089,0,0,0
24,1900,5,0.65,1,1,0
32,5900,8,0.206,0,0,0
53,5000,29,0.366,0,1,0
31,4400,9,0.266,0,1,0
42,3000,19,0.253,2,0,1
29,11600,9,0.103,0,1,0
47,26000,24,0.067,1,1,0
46,4100,27,0.132,2,0,0
60,6700,39,0.133,0,1,0
35,4700,16,0.192,1,0,0
46,4100,27,0.206,0,1,0
39,2800,21,0.522,1,0,0
53,2600,31,0.505,1,1,0
29,1900,3,0.308,1,0,0
46,5800,21,0.561,1,0,1
35,3300,19,0.585,2,1,0
37,900,11,0.212,1,1,0
39,6000,20,0.131,1,1,0
41,4400,18,0.373,1,0,1
36,10100,19,0.191,1,1,0
40,5700,19,0.446,3,0,0
56,2100,34,0.301,3,1,0
49,1400,33,0.364,1,1,0
48,3200,25,0.508,0,1,0
32,2700,6,0.284,1,1,0
27,7000,7,0.175,1,0,0
49,4600,23,0.279,0,1,0
48,9700,28,0.093,0,1,0
55,2200,31,0.299,1,0,0
30,7600,14,0.314,1,0,0
35,6000,5,0.182,2,0,1
20,1100,0,0.373,0,0,0
33,9500,14,0.158,0,0,0
49,5500,33,0.411,3,1,0
32,5200,10,0.452,5,1,1
45,3000,29,0.636,2,0,0
35,9100,13,0.255,2,0,0
41,2200,19,0.214,1,0,0
24,6500,7,0.567,1,0,1
39,7000,14,0.252,0,0,0
20,2000,0,0.245,1,0,0
35,13600,11,0.161,1,1,0
20,4200,0,0.596,1,0,1
52,7800,36,0.418,0,1,0
47,1900,23,0.444,1,1,0
43,16900,24,0.561,2,0,0
56,2600,40,0.26,1,1,0
26,6700,0,0.559,1,0,0
58,2700,29,0.478,2,1,0
49,3400,29,0.23,1,0,0
35,6200,6,0.304,0,0,0
51,9200,30,0.588,1,0,0
24,1800,5,0.183,2,0,0
28,7900,10,0.426,3,1,1
30,7100,3,0.097,1,1,0
31,2500,14,0.604,1,0,0
25,9700,2,0.171,1,0,0
52,2100,34,0.244,0,0,0
34,3000,15,0.238,0,1,0
42,5900,17,0.122,0,0,0
31,2500,12,0.319,0,0,0
20,4400,1,0.341,3,0,1
41,5000,16,0.082,1,0,0
20,3300,0,0.292,0,1,0
37,7000,14,0.199,1,1,0
21,3300,3,0.294,3,0,0
61,6500,43,0.538,0,1,0
48,9600,27,0.338,2,1,0
39,7200,17,0.147,0,1,0
53,8400,36,0.176,1,1,0
27,1900,4,0.53,1,0,1
44,6400,23,0.232,2,0,1
40,2700,24,0.097,2,0,0
41,2200,24,0.066,2,1,0
53,5000,35,0.396,1,0,0
46,2800,26,0.496,1,0,0
41,6900,13,0.067,1,1,0
20,5900,0,0.328,1,0,1
26,1300,9,0.327,0,0,1
36,2600,15,0.298,1,0,1
39,1900,20,0.477,1,1,1
24,2900,2,0.065,0,0,0
66,7400,43,0.142,0,0,0
56,4300,31,0.102,0,0,0
45,3400,25,0.309,4,0,1
38,9000,11,0.187,1,0,0
35,1000,11,0.369,1,0,0
26,8400,8,0.003,0,0,0
38,2900,9,0.087,1,1,0
41,4300,19,0.496,1,0,0
23,2900,6,0.31,0,0,0
42,10900,15,0.131,0,1,0
36,1800,7,0.178,2,0,0
20,3700,0,0.604,1,0,1
27,5600,9,0.252,1,1,0
33,1600,13,0.233,1,0,0
60,3100,37,0.477,2,1,0
44,4000,18,0.125,2,1,0
21,2100,0,0.264,2,0,1
43,2800,22,0.261,0,1,0
20,3000,0,0.334,0,0,0
50,7500,31,0.6,2,1,0
32,3300,7,0.041,0,0,0
36,8500,17,0.279,0,1,0
53,2800,31,0.158,0,1,0
22,1700,2,0.249,1,1,0
21,11700,1,0.436,4,0,1
30,2800,11,0.344,1,1,0
50,2200,24,0.13,0,1,0
20,1300,2,0.261,0,0,0
20,7100,2,0.075,0,0,0
32,3100,3,0.068,1,0,0
44,3900,20,0.083,0,0,0
52,4800,36,0.4,3,1,0
32,7900,14,0.245,1,0,0
33,4000,17,0.485,2,0,0
51,21200,34,0.162,1,1,0
20,4100,4,0.48,2,0,1
33,8000,13,0.103,3,1,0
40,7700,24,0.387,4,0,0
43,4600,22,0.461,2,0,0
31,3100,15,0.265,1,0,1
38,5300,17,0.087,1,1,0
20,5000,1,0.123,2,1,0
30,2700,3,0.153,2,0,1
43,4800,17,0.354,2,1,0
26,7800,2,0.6,3,0,1
38,15600,19,0.05,2,1,0
43,7200,15,0.278,0,1,0
33,13500,17,0.111,1,1,0
40,3200,24,0.308,2,0,1
26,5900,6,0.244,1,1,0
35,8600,5,0.334,3,1,0
45,2800,25,0.326,1,0,0
39,3300,19,0.323,0,0,1
30,12100,14,0.39,2,1,0
40,2400,16,0.34,1,0,0
46,2000,22,0.273,0,0,0
20,9100,0,0.438,0,0,0
51,10600,33,0.374,1,0,0
33,5600,15,0.273,5,0,1
43,4700,27,0.339,1,0,0
52,3900,31,0.208,0,0,0
21,4600,5,0.562,2,1,0
29,10900,13,0.198,1,1,0
34,5000,15,0.155,4,1,0
28,14900,9,0.155,0,0,0
58,3200,40,0.456,1,1,0
27,3800,5,0.359,1,0,1
31,3300,10,0.09,3,0,0
40,2400,21,0.345,0,0,0
23,3400,2,0.181,2,0,0
33,5600,16,0.627,2,0,1
41,6200,20,0.058,0,1,0
34,15600,13,0.124,0,1,0
36,6000,20,0.507,0,0,1
31,7900,7,0.358,2,0,1
20,3900,3,0.309,0,0,1
41,12500,20,0.195,1,0,0
59,21900,34,0.247,2,0,0
38,5900,14,0.083,2,0,0
40,2500,19,0.506,1,1,0
46,3500,27,0.219,0,1,0
22,4300,0,0.012,2,0,0
58,6900,35,0.293,3,0,0
40,7000,22,0.131,3,1,0
57,7200,40,0.344,0,0,0
29,4300,13,0.402,0,0,1
59,3700,38,0.325,3,1,0
47,6200,27,0.25,3,1,0
44,13700,19,0.224,1,1,0
40,8200,18,0.529,0,1,0
35,5600,9,0.26,0,0,0
52,9700,34,0.227,1,1,0
39,3400,14,0.09,3,1,0
20,2800,2,0.17,0,0,0
24,2300,0,0.306,2,0,0
35,4200,19,0.375,1,0,1
41,3500,20,0.181,2,0,0
37,9500,21,0.509,1,0,0
52,3800,33,0.623,0,1,0
20,2200,0,0.093,2,0,0
39,14800,21,0.252,3,0,0
20,2900,4,0.233,1,0,0
47,5200,23,0.176,4,1,0
36,5800,16,0.375,0,0,0
43,2300,24,0.459,1,1,1
27,8200,6,0.196,1,0,0
53,6800,22,0.127,1,0,0
50,12200,25,0.19,0,1,0
45,3000,20,0.308,0,1,0
36,4600,14,0.35,1,1,0
44,4800,23,0.318,4,1,0
29,5000,13,0.368,1,0,0
48,2100,30,0.367,1,0,1
57,5800,38,0.2,1,0,0
50,2100,34,0.413,0,0,0
29,5200,13,0.491,1,1,0
42,1300,26,0.11,1,0,0
22,1200,2,0.401,2,0,1
44,7400,20,0.15,3,0,0
43,3200,18,0.142,2,1,0
20,2000,0,0.347,1,0,1
24,8500,7,0.102,0,0,0
34,5400,18,0.512,1,0,0
34,7500,18,0.267,2,0,1
23,3600,7,0.442,0,0,0
42,23900,25,0.322,1,1,0
41,3200,21,0.181,0,1,0
35,12900,19,0.231,1,1,0
28,3800,6,0.286,2,1,0
50,1800,30,0.114,3,0,0
57,7100,36,0.228,1,0,0
32,4800,7,0.189,0,0,0
30,2200,14,0.385,1,0,0
43,2700,21,0.198,1,0,0
33,4200,13,0.27,1,1,0
36,5500,17,0.185,0,1,0
46,1000,22,0.303,0,1,0
20,6800,0,0.292,1,0,0
53,3900,36,0.383,1,1,0
38,2000,18,0.39,1,0,1
33,7300,11,0.471,1,0,1
36,4400,17,0.462,1,0,0
37,8900,14,0.645,2,1,0
20,4700,0,0.167,0,1,0
55,4800,27,0.337,0,1,0
38,4200,22,0.287,0,0,0
43,6300,23,0.311,1,0,0
49,3900,32,0.383,0,1,0
25,2300,2,0.163,1,0,0
43,7000,27,0.21,2,0,0
34,3800,12,0.055,1,1,0
48,5100,30,0.37,0,0,0
20,7200,2,0.115,1,0,0
36,4200,20,0.174,1,0,0
30,4200,11,0.118,0,0,0
43,3100,18,0.38,1,0,1
43,6100,23,0.394,2,1,0
29,4800,6,0.11,1,0,1
29,6500,2,0.011,1,1,0
36,3100,14,0.401,0,0,0
27,3100,9,0.569,0,0,1
48,7800,26,0.396,3,1,0
33,5000,15,0.48,0,0,0
20,2200,2,0.213,2,0,1
33,9700,17,0.375,1,0,0
25,1300,1,0.523,0,0,1
20,5900,1,0.088,1,0,0
23,1700,2,0.707,1,1,0
39,14500,23,0.24,0,1,0
53,1900,31,0.205,2,0,0
41,9500,24,0.435,1,0,0
30,3900,10,0.119,0,0,0
43,3600,19,0.255,2,0,0
32,4500,8,0.201,1,0,0
29,5900,9,0.111,2,0,1
24,2300,8,0.52,2,0,1
20,2200,0,0.192,2,1,1
33,5800,6,0.384,0,0,0
39,1600,16,0.332,0,0,0
36,3200,19,0.608,1,1,1
33,26300,13,0.301,1,1,0
26,2200,8,0.124,0,0,0
45,8900,19,0.194,1,1,0
22,2600,0,0.115,1,1,0
47,6700,30,0.633,0,0,1
25,5800,6,0.375,1,0,0
28,7500,3,0.334,2,0,1
20,3200,0,0.095,4,0,1
31,12600,4,0.187,1,1,0
49,3400,25,0.095,2,1,0
44,5500,25,0.392,1,1,0
49,5900,33,0.187,1,0,0
44,2400,22,0.285,0,1,0
24,3300,4,0.374,2,0,1
34,4600,13,0.304,1,1,0
28,3000,7,0.324,1,0,0
53,23000,37,0.107,0,0,0
23,2200,0,0.376,2,0,1
48,9700,25,0.069,0,0,0
48,8000,25,0.213,3,1,0
59,5200,35,0.055,0,0,0
33,2500,10,0.409,1,1,0
46,3100,27,0.279,1,0,0
65,4200,45,0.385,1,1,0
30,1300,9,0.318,1,0,0
20,2000,0,0.19,3,0,0
20,1500,0,0.12,0,0,1
46,10600,23,0.523,1,1,0
20,5300,0,0.556,0,0,1
33,6100,4,0.604,0,0,0
43,6600,22,0.056,0,1,0
40,5200,24,0.31,4,1,0
43,10700,18,0.384,0,0,0
40,3200,22,0.114,3,0,0
53,5700,36,0.297,2,0,0
26,6200,7,0.253,1,0,1
29,1800,10,0.186,3,0,0
28,24800,5,0.038,1,0,0
47,5100,31,0.414,0,0,0
48,5600,32,0.25,0,1,0
43,9700,21,0.569,4,1,0
52,8600,29,0.338,2,0,0
23,3700,0,0.428,0,0,1
58,5900,41,0.201,0,0,0
56,2200,39,0.374,0,1,0
46,3500,28,0.434,2,0,0
59,7400,38,0.084,2,0,0
20,4800,0,0.132,2,0,0
31,9000,15,0.289,0,0,0
29,3800,9,0.464,0,0,0
46,2200,30,0.587,1,0,0
25,7700,9,0.128,2,1,0
47,11100,23,0.111,2,0,0
54,8600,31,0.346,2,1,0
46,4300,24,0.507,0,1,0
41,8200,17,0.122,1,1,0
26,31000,7,0.223,0,1,0
27,4300,8,0.006,1,0,0
52,2200,23,0.435,1,0,0
47,3500,27,0.546,2,1,0
37,6200,14,0.071,3,1,0
32,1600,11,0.406,1,0,1
20,4200,4,0.343,2,0,1
25,5100,9,0.312,1,0,0
60,13900,42,0.219,1,1,0
22,8000,0,0.155,1,0,0
40,7300,16,0.051,0,0,0
50,1300,26,0.398,0,0,0
22,6700,5,0.31,2,0,0
40,6500,13,0.275,1,0,0
49,5900,32,0.394,1,0,0
38,1600,17,0.079,0,1,0
72,3700,50,0.61,3,0,1
20,1800,0,0.567,1,0,0
50,1400,24,0.086,1,0,0
35,4400,17,0.26,2,0,1
47,3200,31,0.695,2,1,0
43,22400,22,0.33,0,0,0
29,3700,10,0.463,3,1,0
40,8500,6,0.274,1,0,0
20,1400,0,0.276,0,1,0
45,3400,26,0.278,3,1,0
41,5100,25,0.183,2,0,0
45,2900,29,0.291,3,1,0
50,4000,34,0.421,1,0,0
42,4000,21,0.129,2,0,0
39,3700,13,0.332,1,0,1
27,11400,2,0.228,0,0,1
29,5100,8,0.437,0,1,0
52,6900,33,0.093,1,1,0
55,7100,33,0.432,0,1,0
35,6400,17,0.37,0,0,0
38,4000,11,0.223,0,0,0
27,3300,7,0.403,0,1,0
52,5600,32,0.101,3,0,0
45,9900,29,0.207,2,1,0
61,10900,41,0.603,1,0,0
27,3300,3,0.248,4,0,1
33,7000,17,0.218,2,0,1
40,4100,23,0.346,1,0,0
45,4700,21,0.211,1,0,0
35,3300,19,0.322,4,0,1
27,3400,2,0.302,0,1,0
48,11100,30,0.274,0,1,0
46,5100,27,0.134,2,0,0
27,4400,11,0.364,2,0,0
54,2100,32,0.171,0,1,0
52,3800,22,0.261,0,0,0
39,3800,15,0.164,0,1,0
38,2800,21,0.293,1,0,0
44,4600,19,0.308,1,1,0
27,3100,8,0.267,3,1,0
38,4400,12,0.192,1,0,0
20,3900,0,0.161,0,0,0
48,2900,32,0.018,1,1,0
20,3000,4,0.349,2,1,1
56,5300,32,0.158,0,1,0
34,8600,13,0.409,1,0,0
35,5200,19,0.36,0,0,1
30,2800,12,0.205,1,1,0
34,5600,18,0.122,1,1,0
55,14500,35,0.165,1,1,0
20,6300,0,0.552,1,0,0
53,6900,29,0.378,2,0,0
42,6500,13,0.209,0,1,0
23,8600,0,0.117,2,1,0
25,6900,0,0.276,0,1,0
58,7000,30,0.212,1,0,0
26,7200,4,0.405,0,0,0
24,2000,4,0.09,0,1,0
51,2000,26,0.298,0,1,0
42,4800,16,0.558,3,0,1
26,4100,7,0.235,1,0,0
40,3300,22,0.08,2,0,0
25,6300,4,0.223,1,0,1
51,1600,27,0.218,1,1,0
50,3400,26,0.173,3,0,0
44,3600,28,0.262,3,1,0
42,1600,14,0.304,2,0,0
59,13500,41,0.382,0,0,0
37,2000,18,0.341,0,0,0
23,2800,6,0.385,2,0,1
43,7200,12,0.336,1,0,1
63,8200,42,0.091,1,1,0
25,2100,8,0.281,3,0,1
33,6100,9,0.335,0,0,0
42,5300,18,0.386,1,1,0
37,17900,17,0.469,1,0,0
26,4700,2,0.206,1,0,0
51,4700,34,0.199,3,0,0
65,3500,46,0.299,2,1,0
40,3000,24,0.192,0,0,0
27,2500,11,0.13,0,1,0
20,8300,0,0.135,2,0,1
41,4300,14,0.201,2,1,0
51,7000,30,0.057,1,1,0
43,10800,16,0.527,1,1,0
37,1100,17,0.233,2,1,0
30,8800,10,0.21,0,1,0
24,3900,3,0.306,2,0,1
48,6300,28,0.048,0,1,0
48,3000,28,0.534,0,0,0
20,2300,0,0.331,1,0,0
57,7100,36,0.255,2,0,0
44,19200,21,0.281,0,1,0
54,9000,29,0.247,1,1,0
21,7800,0,0.265,1,1,0
21,3400,4,0.269,0,0,0
36,3100,20,0.073,2,0,0
44,3000,23,0.226,0,1,0
59,4000,39,0.319,1,1,0
46,1400,25,0.434,1,0,0
35,2800,15,0.436,0,1,0
25,2600,0,0.147,2,1,0
52,4800,36,0.242,2,0,0
26,4400,10,0.027,0,0,1
57,6500,35,0.345,2,0,0
34,4300,15,0.436,0,0,0
57,3700,35,0.017,3,1,0
46,1400,23,0.225,2,0,0
36,2900,10,0.008,2,1,0
31,2400,15,0.468,4,0,1
33,5700,15,0.054,0,0,0
43,8000,21,0.667,2,0,0
38,7500,14,0.168,0,0,0
30,5800,1,0.358,1,0,1
36,3900,12,0.078,1,0,0
38,3300,18,0.231,2,1,0
20,2400,3,0.189,0,1,0
43,2000,25,0.377,1,1,0
26,7300,8,0.174,2,0,0
24,3300,1,0.245,3,0,1
20,1700,0,0.136,1,0,0
20,2300,4,0.269,0,0,0
21,2300,2,0.124,1,0,0
29,3900,5,0.125,0,0,0
61,10300,39,0.602,0,0,0
31,3300,8,0.214,1,1,0
40,1100,18,0.316,2,1,0
42,3900,15,0.085,0,0,0
39,4000,18,0.143,2,0,0
37,3900,18,0.361,1,0,0
23,2700,6,0.131,1,0,1
55,5800,34,0.146,1,0,0
59,5800,43,0.267,5,1,0
20,3600,0,0.193,1,0,0
25,5000,5,0.202,1,0,0
34,3400,18,0.706,0,1,0
26,3000,9,0.186,3,0,1
44,10400,20,0.293,3,1,0
29,5600,8,0.514,2,0,1
63,9200,42,0.243,1,0,0
52,10400,30,0.08,1,1,0
40,6200,19,0.278,2,0,0
50,8400,25,0.059,2,1,0
51,1900,30,0.009,0,1,0
31,4900,15,0.296,1,0,0
28,3300,1,0.139,0,0,0
38,12000,16,0.468,0,0,0
48,8800,30,0.609,0,1,0
39,3200,23,0.635,1,0,0
20,4600,0,0.341,1,0,0
28,4400,8,0.461,1,0,1
37,5400,10,0.081,2,0,0
37,2400,18,0.087,1,0,0
61,7000,44,0.267,0,1,0
21,3200,0,0.181,0,0,0
44,5400,20,0.295,2,0,0
55,3400,34,0.288,2,0,0
65,4000,42,0.537,2,0,0
33,8600,13,0.267,1,1,0
43,2400,22,0.063,0,0,0
44,2500,19,0.404,1,0,0
40,4200,17,0.12,2,0,0
36,2800,16,0.41,0,1,0
43,2500,17,0.346,1,1,0
20,4100,4,0.421,2,0,1
46,1800,17,0.383,2,1,0
39,2600,23,0.545,2,0,1
35,15200,17,0.056,0,0,0
62,7300,42,0.139,3,0,0
29,2600,9,0.455,1,0,0
33,5200,8,0.122,1,1,0
61,8000,45,0.103,1,0,0
28,7100,6,0.323,0,1,0
31,4000,13,0.303,1,0,0
36,7600,14,0.425,2,0,0
48,1500,28,0.121,0,0,0
40,2400,19,0.438,2,0,1
22,4200,4,0.409,0,0,1
31,5100,13,0.198,1,1,0
30,2300,8,0.122,2,0,1
37,5000,13,0.538,1,1,0
43,3300,25,0.16,1,1,0
43,4100,26,0.272,1,1,0
20,6700,0,0.097,2,1,1
50,8700,30,0.235,4,0,0
41,2400,17,0.273,1,0,0
54,2800,37,0.173,2,1,0
43,3700,27,0.313,2,1,0
51,5100,33,0.208,2,0,0
43,3300,26,0.303,1,0,0
54,9700,34,0.517,2,1,0
44,6000,26,0.089,1,0,0
36,5300,13,0.251,3,1,0
65,2700,46,0.167,2,1,0
48,9800,27,0.331,1,1,0
44,1000,23,0.197,0,1,0
22,6100,1,0.105,1,1,0
22,6600,2,0.101,2,0,0
41,3400,18,0.162,0,1,0
39,9900,22,0.174,1,1,0
30,3700,4,0.216,2,0,0
39,4700,19,0.109,1,0,0
57,6800,41,0.274,1,0,0
46,32300,25,0.332,1,1,0
24,8900,7,0.375,1,0,1
36,6400,13,0.423,2,1,0
28,2100,0,0.773,0,1,0
33,4800,16,0.453,0,0,1
33,2500,11,0.446,0,0,1
32,7200,16,0.524,0,0,0
22,4000,0,0.043,2,0,1
36,2400,19,0.095,0,0,0
31,4400,13,0.16,0,0,0
20,2300,4,0.043,2,1,0
62,6000,39,0.221,1,1,0
51,2900,26,0.153,0,1,0
33,4300,12,0.289,1,1,0
38,7200,21,0.326,3,1,0
23,3500,0,0.108,0,0,0
58,4400,41,0.378,1,1,0
60,6400,44,0.435,1,0,0
39,6700,17,0.278,3,0,0
50,2700,34,0.527,2,1,0
40,5200,16,0.141,0,1,0
21,8200,2,0.227,1,0,0
33,5700,10,0.216,0,1,0
39,4400,13,0.506,0,1,0
32,6400,16,0.121,0,0,0
35,5800,17,0.349,3,0,1
36,6800,16,0.543,2,1,0
37,1200,10,0.783,1,0,1
38,1800,20,0.205,2,0,0
25,7300,7,0.317,1,1,0
29,1600,7,0.384,2,1,0
22,4800,4,0.72,1,0,1
49,3900,28,0.347,1,0,0
20,2100,4,0.336,0,0,1
51,5700,22,0.305,2,0,0
54,6000,38,0.048,1,0,0
34,15300,15,0.356,0,0,0
20,2500,0,0.318,2,0,1
33,9100,5,0.081,3,0,0
37,5700,21,0.533,0,1,0
25,2400,0,0.044,0,0,1
31,6400,7,0.176,3,1,0
56,7300,34,0.393,0,0,0
45,5000,28,0.144,2,0,0
26,4500,3,0.19,2,0,0
20,2600,2,0.394,0,1,0
34,2400,8,0.248,0,0,0
35,7000,18,0.419,2,0,0
43,4100,23,0.299,1,0,0
31,4100,13,0.195,0,1,0
44,5800,27,0.044,2,0,0
61,6300,38,0.043,0,1,0
47,2000,24,0.187,2,1,0
37,9100,12,0.078,2,1,0
35,4800,19,0.316,2,0,0
33,3500,8,0.184,3,0,1
52,5900,21,0.209,2,1,0
30,4800,11,0.428,0,1,0
38,6500,10,0.279,3,0,1
38,6200,19,0.02,1,0,0
31,6600,15,0.389,0,0,0
21,8400,2,0.243,1,0,1
41,7400,16,0.236,3,1,0
37,4100,20,0.3,2,0,0
44,2500,26,0.114,0,0,0
31,10900,8,0.208,0,0,0
52,4400,31,0.147,1,1,0
27,2800,4,0.077,0,0,0
58,1900,37,0.092,1,0,0
20,4500,0,0.143,1,0,0
43,5200,24,0.075,2,1,0
43,1900,22,0.334,0,0,1
28,5500,11,0.215,2,0,1
43,3300,17,0.134,0,1,0
53,26300,35,0.037,0,1,0
20,2600,0,0.114,3,0,1
44,3600,24,0.201,1,1,0
20,2200,0,0.25,1,1,1
26,8500,7,0.156,0,0,0
57,4400,41,0.063,0,0,0
31,2800,15,0.213,2,0,1
23,6100,7,0.257,0,0,0
35,1900,16,0.444,0,0,1
62,8000,41,0.308,0,1,0
20,10600,0,0.233,0,1,0
25,5500,6,0.304,1,0,1
55,7800,38,0.358,2,1,0
60,9500,44,0.297,1,1,0
36,12000,14,0.413,2,1,0
23,7500,0,0.095,0,1,0
63,6900,37,0.092,2,0,0
57,9000,34,0.496,1,0,0
46,2700,23,0.296,3,0,1
28,5900,1,0.366,2,0,1
37,2400,15,0.183,1,0,0
36,3400,13,0.129,0,0,0
41,1000,22,0.457,1,1,0
55,6800,39,0.082,0,1,0
48,3400,30,0.55,1,1,0
25,7500,5,0.156,0,0,1
54,6500,33,0.111,1,0,0
41,8300,13,0.363,0,0,0
46,2500,25,0.593,1,0,1
55,9400,30,0.126,0,0,0
24,13700,5,0.079,1,0,0
37,7100,18,0.203,2,1,0
31,7000,15,0.303,0,0,0
20,4100,2,0.234,4,0,0
42,3300,19,0.448,3,0,0
68,9000,47,0.245,1,0,0
20,1500,0,0.491,2,0,1
37,3400,16,0.053,2,1,0
45,1700,26,0.26,2,0,0
39,2700,10,0.114,1,0,0
36,6500,16,0.351,2,0,0
22,4900,0,0.212,1,1,0
40,4800,21,0.33,1,1,0
28,4200,5,0.072,2,0,0
20,1200,0,0.251,1,0,1
52,4000,31,0.258,4,0,1
49,3400,33,0.176,1,1,0
38,3000,17,0.199,2,0,0
40,6200,15,0.32,0,0,0
50,2900,27,0.487,1,0,0
40,3100,18,0.472,0,1,0
48,1400,32,0.464,2,0,0
34,3700,16,0.081,2,0,0
53,2600,31,0.362,3,1,1
41,4700,19,0.37,1,0,0
40,2500,15,0.127,1,0,0
22,4000,2,0.276,1,0,0
41,4100,19,0.043,0,1,0
28,10800,7,0.533,0,1,0
30,5700,13,0.221,0,0,1
28,1400,12,0.34,1,0,0
25,1800,3,0.296,2,1,0
63,5800,42,0.244,1,1,0
53,3000,35,0.172,2,0,0
61,1200,45,0.287,3,0,0
23,8200,0,0.066,0,0,0
38,6900,19,0.239,1,0,0
22,5000,0,0.329,1,1,0
29,2500,1,0.723,2,0,1
26,5300,10,0.137,1,1,0
52,3400,34,0.233,0,0,0
33,4800,13,0.47,3,0,1
50,2700,24,0.228,1,1,0
45,12300,29,0.17,1,1,0
65,2000,37,0.312,1,0,0
20,7600,0,0.115,1,0,1
53,5200,33,0.486,1,1,0
51,3700,31,0.559,1,0,0
26,4400,7,0.456,2,1,0
50,7500,25,0.181,2,1,0
42,11000,26,0.322,1,1,0
35,5100,13,0.19,1,0,1
28,2300,9,0.283,1,0,0
29,4400,12,0.232,0,0,0
62,15000,31,0.104,1,1,0
38,9800,16,0.131,1,0,0
47,8200,24,0.118,2,0,0
28,6100,3,0.154,0,0,0
28,6300,12,0.135,0,0,0
50,9300,22,0.494,0,1,0
21,3000,5,0.265,0,0,1
33,1900,16,0.143,1,0,0
38,4700,19,0.343,1,1,0
39,2600,16,0.074,1,0,0
35,2200,14,0.164,2,1,0
42,3100,22,0.465,0,0,0
46,21500,26,0.165,1,0,0
46,5400,29,0.222,4,0,1
26,5100,10,0.153,0,1,0
34,1900,11,0.405,1,0,1
52,1600,29,0.284,1,0,0
48,2800,21,0.428,1,0,0
21,9000,4,0.474,1,0,0
42,5400,19,0.064,2,0,0
20,5300,1,0.114,2,0,1
38,6600,13,0.296,1,1,0
60,3700,35,0.079,0,1,0
26,8900,5,0.283,0,0,0
27,2800,8,0.32,1,0,1
47,10900,23,0.098,0,0,0
20,4700,0,0.282,1,0,0
30,1400,12,0.407,1,0,0
45,3100,29,0.182,0,1,0
30,1400,11,0.183,1,0,0
35,8000,8,0.018,3,1,0
46,4500,21,0.323,2,1,0
43,1300,27,0.054,2,0,0
41,6000,25,0.384,1,1,0
33,2800,7,0.149,0,0,0
42,2000,26,0.354,1,0,0
36,11600,13,0.224,2,1,0
43,5100,25,0.284,1,0,0
32,3300,5,0.142,1,0,0
35,3600,18,0.184,1,0,0
26,1500,1,0.094,2,0,0
37,2000,16,0.036,0,0,0
28,8500,6,0.229,0,0,0
24,3000,8,0.361,2,0,0
41,4900,25,0.237,2,0,0
40,1400,20,0.289,1,0,0
47,2300,26,0.27,0,1,0
32,6200,16,0.095,2,1,0
42,6100,26,0.328,0,1,0
44,13100,21,0.446,1,0,0
43,10200,20,0.128,3,0,0
28,3500,8,0.122,0,0,0
39,5700,15,0.393,3,0,0
42,4000,26,0.065,1,1,0
38,15500,19,0.362,0,0,0
20,7300,0,0.134,2,0,1
39,4900,18,0.247,1,0,1
64,6300,43,0.159,1,1,0
33,9000,3,0.405,0,0,0
29,6000,13,0.24,3,0,1
42,11400,18,0.22,1,1,0
41,1200,14,0.583,2,1,0
52,6800,33,0.324,0,1,0
22,2700,0,0.192,1,1,0
46,14200,29,0.19,2,0,0
45,12300,27,0.326,2,0,0
36,4300,14,0.131,1,0,0
42,11100,18,0.136,2,0,0
50,13900,25,0.136,1,0,0
48,4800,21,0.244,2,0,0
24,16800,4,0.145,1,1,0
47,4600,22,0.095,1,1,0
37,3900,18,0.072,1,0,0
38,7200,14,0.495,0,1,0
38,3500,17,0.286,3,1,0
36,4500,14,0.512,0,1,0
52,11700,30,0.318,1,0,0
36,4600,20,0.081,2,1,0
24,1400,8,0.212,0,0,0
33,5200,12,0.338,2,0,1
40,3100,24,0.291,0,0,0
52,8200,28,0.258,1,1,0
45,6900,21,0.486,1,0,0
27,9400,5,0.441,1,0,0
67,10200,50,0.184,3,1,0
41,8300,15,0.14,0,0,0
53,3100,24,0.333,1,1,0
36,7000,15,0.235,1,0,1
44,15000,21,0.053,1,1,0
48,3200,27,0.339,1,0,0
52,14600,29,0.206,5,1,0
50,3600,30,0.171,1,1,0
48,3000,28,0.649,0,1,0
34,4800,10,0.477,1,0,1
31,5700,1,0.438,0,0,0
41,8300,25,0.315,5,0,1
49,2700,29,0.187,2,1,0
35,5800,19,0.183,5,1,0
50,3100,23,0.148,1,0,0
55,2200,37,0.104,1,1,0
27,2400,11,0.604,1,0,1
27,2400,4,0.598,2,0,0
36,5600,9,0.234,1,0,0
41,8900,18,0.472,2,0,0
31,1700,10,0.188,3,0,1
54,6300,32,0.052,0,0,0
43,2200,17,0.52,1,1,0
38,6700,21,0.228,1,1,0
20,2500,0,0.233,2,0,1
22,2000,3,0.158,0,0,0
41,7700,25,0.378,1,0,0
20,2600,1,0.501,1,0,1
50,3900,25,0.323,1,0,0
36,1200,13,0.217,1,0,0
75,10400,50,0.217,3,0,0
65,9300,44,0.196,2,0,0
35,4300,12,0.505,0,0,0
36,1900,19,0.371,0,0,0
49,10300,30,0.173,0,0,0
58,3500,37,0.126,3,0,0
20,2800,0,0.096,1,0,1
20,14600,0,0.076,1,0,0
30,2700,10,0.062,0,0,0
44,7500,25,0.198,1,0,0
43,5700,10,0.309,0,1,0
50,6100,26,0.393,0,1,0
23,4400,1,0.546,0,0,1
20,4600,0,0.108,1,0,1
48,5900,29,0.395,0,1,0
28,3900,8,0.221,0,1,0
20,9000,0,0.261,0,1,0
39,2200,23,0.167,1,0,0
47,9300,31,0.342,0,0,0
36,7400,18,0.099,1,0,0
32,6300,11,0.377,1,0,0
36,8500,16,0.13,4,1,0
33,3700,7,0.188,2,0,0
21,1300,5,0.109,0,0,0
29,4000,12,0.142,0,0,0
44,2400,17,0.7,1,0,0
41,2900,20,0.216,1,0,0
40,2000,16,0.708,3,1,1
26,2700,0,0.183,1,0,0
35,3000,17,0.064,0,0,0
20,900,0,0.239,2,0,0
40,6900,21,0.232,1,0,0
55,20500,39,0.384,0,1,0
20,5300,1,0.535,1,0,0
30,3400,6,0.142,2,1,0
41,4300,18,0.127,0,0,0
53,3800,30,0.276,1,1,0
32,4400,13,0.24,0,0,0
29,4100,11,0.103,0,1,0
20,2200,0,0.315,0,0,0
39,12500,20,0.191,0,1,0
62,2200,40,0.195,0,0,0
41,7000,20,0.54,1,1,0
37,3900,11,0.26,1,1,0
41,13800,17,0.558,3,1,0
37,5700,21,0.249,0,0,0
28,3300,12,0.22,2,0,1
47,4000,24,0.093,0,0,0
40,4600,20,0.146,1,1,0
38,2200,19,0.193,2,1,0
26,2300,1,0.485,2,0,1
53,1700,32,0.091,1,1,0
45,2700,24,0.512,1,1,1
31,4200,7,0.078,2,1,0
50,6100,31,0.378,0,1,0
32,1200,5,0.146,1,0,1
28,3900,11,0.364,1,0,0
28,5400,5,0.24,2,0,1
20,3300,0,0.235,1,0,1
43,3300,27,0.118,3,1,0
20,2800,1,0.421,3,0,1
23,2600,0,0.144,2,0,1
20,2500,0,0.1,1,1,0
36,4800,16,0.535,2,1,1
36,17800,18,0.399,1,1,0
34,2600,10,0.435,1,0,0
25,3000,0,0.065,0,0,0
23,3800,7,0.183,2,0,0
43,3200,27,0.06,0,1,0
31,7900,10,0.223,3,0,0
41,1100,18,0.323,2,0,0
27,2900,8,0.433,1,0,0
40,7200,17,0.207,2,0,0
53,4500,35,0.13,2,1,0
45,3000,29,0.265,4,1,0
33,5500,14,0.125,2,0,0
41,7900,20,0.444,5,1,1
35,4900,16,0.294,2,0,0
38,2900,22,0.287,1,0,0
34,5900,18,0.509,1,0,0
36,3600,18,0.312,0,0,0
40,6800,16,0.088,0,1,0
26,8900,0,0.135,1,1,1
25,800,0,0.298,1,1,0
21,4100,4,0.149,1,0,0
20,1400,4,0.338,0,0,1
23,16000,1,0.361,1,0,0
39,3200,16,0.18,0,0,0
27,6100,5,0.107,1,0,0
44,4900,28,0.078,0,0,0
38,2800,21,0.373,1,0,0
20,2100,0,0.193,0,0,0
45,12100,23,0.358,1,1,0
47,8400,23,0.095,0,1,0
26,12400,5,0.269,2,0,0
43,4800,21,0.309,1,0,0
27,4600,6,0.056,1,0,0
39,3700,16,0.218,2,0,0
22,3100,0,0.279,0,0,0
20,1900,0,0.216,1,0,1
33,4500,14,0.352,1,1,0
36,2700,15,0.411,3,1,0
33,5300,11,0.134,2,0,0
23,4000,1,0.375,1,0,0
33,4900,11,0.16,0,0,0
41,11800,15,0.316,0,1,0
37,4300,15,0.351,1,1,0
40,7300,22,0.432,0,0,0
29,13300,5,0.09,3,1,0
52,11600,36,0.196,1,1,0
23,7900,7,0.141,1,0,1
43,3800,21,0.434,1,1,0
52,5700,29,0.382,2,1,0
43,2300,27,0.47,0,0,0
35,5900,16,0.166,2,0,0
31,5000,13,0.124,2,0,0
50,5100,31,0.285,0,1,0
20,6700,0,0.368,1,1,0
26,1900,3,0.088,0,1,0
33,11300,13,0.127,1,0,0
52,9000,34,0.238,0,0,0
42,4600,26,0.312,2,0,0
26,3300,0,0.235,0,0,0
34,5600,11,0.355,0,0,1
30,10500,12,0.346,0,0,1
29,4200,6,0.559,0,0,0
49,5400,29,0.254,1,0,0
21,3800,2,0.42,3,0,1
57,15200,35,0.149,2,1,0
47,4000,29,0.344,1,0,0
51,5000,32,0.235,1,0,0
32,10000,11,0.347,2,0,1
36,4800,17,0.236,1,0,0
20,7200,0,0.084,2,1,0
31,2200,3,0.237,0,0,0
43,4200,26,0.433,2,1,0
53,13000,37,0.129,1,1,0
24,2600,8,0.235,1,0,0
33,3800,13,0.154,1,1,0
36,5100,18,0.362,0,1,0
21,2000,0,0.406,0,0,0
45,3600,24,0.152,1,0,0
29,4500,13,0.226,3,1,1
35,4600,19,0.102,1,1,0
32,8800,10,0.303,2,1,0
28,10000,7,0.14,2,0,0
37,2700,18,0.375,0,1,0
35,4800,19,0.599,1,1,0
33,6300,11,0.198,0,1,0
29,9300,3,0.027,4,1,0
41,6900,19,0.119,1,1,0
57,6400,40,0.129,1,0,0
39,6600,18,0.288,1,0,0
49,7800,33,0.38,0,1,0
21,2100,0,0.186,2,1,0
39,5000,18,0.233,0,0,0
24,9600,8,0.104,1,0,0
20,3200,1,0.352,1,0,1
29,4200,7,0.109,3,1,0
52,4400,33,0.32,0,1,0
49,1200,30,0.078,3,0,0
40,4800,24,0.295,2,0,0
20,4400,0,0.086,2,0,1
35,3300,17,0.009,2,0,0
41,2400,25,0.125,1,0,0
40,2700,21,0.66,0,1,0
20,5800,0,0.356,0,0,1
27,13100,8,0.399,0,1,0
37,9300,10,0.115,2,1,0
44,2000,22,0.293,1,0,0
20,6100,0,0.142,1,0,0
36,2900,16,0.174,0,0,0
39,3200,19,0.375,1,1,0
48,3800,29,0.357,0,0,0
46,7500,27,0.38,1,1,0
44,8200,21,0.2,1,1,0
28,3900,11,0.669,0,1,0
20,3700,4,0.316,0,1,0
33,5800,17,0.207,0,0,0
50,6400,21,0.085,6,0,0
54,10300,31,0.229,1,1,0
46,2200,24,0.139,2,0,0
43,4900,27,0.09,1,1,0
42,2400,19,0.47,0,0,0
31,4000,11,0.196,2,0,1
36,3800,15,0.346,1,1,0
58,5300,41,0.256,1,0,0
26,2400,5,0.195,2,0,0
57,2200,38,0.19,5,1,0
34,1200,17,0.424,1,0,1
53,4700,30,0.45,0,0,0
21,3000,5,0.428,1,0,0
45,3100,22,0.21,1,0,0
29,8700,6,0.547,1,0,0
21,2300,4,0.421,5,0,1
40,10900,23,0.095,1,0,0
50,13200,30,0.483,1,1,0
27,1200,5,0.417,2,0,0
20,3800,0,0.177,0,1,0
36,3400,14,0.432,2,1,0
36,900,8,0.323,3,0,1
44,2000,26,0.464,0,0,0
49,8200,33,0.174,1,1,0
37,14200,13,0.312,5,0,1
60,8900,33,0.216,2,0,0
40,5400,18,0.083,1,0,0
33,4400,17,0.192,0,0,0
20,10000,0,0.208,2,1,0
34,16200,18,0.253,0,0,0
33,2900,10,0.116,1,0,0
49,1600,33,0.092,0,1,0
43,1300,24,0.047,0,1,0
23,8700,7,0.605,1,0,0
40,4300,19,0.16,3,1,0
46,5500,27,0.371,2,1,0
56,1700,35,0.268,1,0,0
48,3100,27,0.281,2,0,1
47,4100,30,0.181,4,0,1
38,4900,15,0.252,1,0,0
42,3700,22,0.18,0,1,0
52,2900,35,0.237,2,0,0
22,2300,0,0.265,1,0,1
33,8500,11,0.472,2,0,0
28,4600,8,0.692,1,0,1
42,6400,16,0.095,1,0,0
52,2700,24,0.276,3,0,0
30,900,10,0.383,1,1,0
20,2700,0,0.4,0,0,1
33,2600,16,0.127,0,1,0
48,6100,28,0.206,0,1,0
44,33900,24,0.168,2,0,0
43,7000,22,0.185,1,0,0
34,21600,12,0.201,0,0,1
22,5100,0,0.523,1,0,1
44,3200,23,0.464,0,0,0
27,5100,11,0.412,3,0,1
64,16800,47,0.295,1,1,0
44,14400,26,0.18,5,1,0
31,3000,12,0.205,2,0,0
30,4500,5,0.342,1,0,0
36,1900,20,0.293,1,1,0
35,7200,16,0.406,2,0,1
51,12300,27,0.142,0,0,0
40,4700,21,0.152,1,0,0
29,2600,7,0.236,1,0,0
60,6800,40,0.489,3,1,0
38,5600,16,0.089,2,1,0
47,5100,27,0.481,0,1,0
30,4500,7,0.153,1,0,0
42,4400,26,0.319,0,1,0
41,8400,22,0.402,2,1,0
20,5700,0,0.406,2,0,0
62,3000,39,0.385,0,1,0
53,2700,27,0.459,1,1,0
33,3600,14,0.138,4,0,0
24,5700,0,0.117,1,0,0
42,5200,24,0.14,0,0,0
39,2900,13,0.257,2,0,0
42,5300,18,0.377,2,0,0
40,3900,23,0.345,0,0,0
44,7900,22,0.427,2,1,0
55,6300,35,0.218,3,0,0
44,3800,21,0.427,3,1,0
25,4500,5,0.163,0,0,0
54,11500,35,0.329,1,1,0
57,3600,31,0.124,0,1,0
75,7500,50,0.304,2,1,0
24,3500,0,0.15,0,0,0
40,5900,20,0.441,0,0,0
20,2500,0,0.571,5,0,1
44,5200,26,0.207,1,0,0
31,8300,13,0.287,0,1,0
61,3000,34,0.203,0,0,0
28,1800,9,0.256,0,0,0
20,1700,0,0.285,0,1,0
32,2000,8,0.306,5,0,1
20,5200,0,0.146,2,0,1
47,2200,31,0.533,4,0,1
20,3000,0,0.165,3,0,1
38,6400,17,0.096,2,1,0
20,4700,0,0.392,0,1,0
34,3200,7,0.53,1,0,1
57,6100,39,0.298,1,0,0
42,4800,18,0.102,0,1,0
27,3300,3,0.375,1,0,1
37,3700,12,0.323,1,0,0
38,16700,16,0.175,2,1,0
43,7900,27,0.023,3,1,0
21,16300,1,0.108,2,0,0
45,3700,29,0.14,1,0,0
20,3500,0,0.304,1,0,1
30,1700,6,0.432,0,0,0
32,2500,10,0.123,2,0,0
45,14200,20,0.124,0,1,0
38,3200,16,0.304,0,0,0
21,12200,5,0.441,2,0,1
26,1900,10,0.245,1,0,0
40,2400,19,0.34,1,1,0
37,3600,17,0.202,0,0,1
31,4100,14,0.032,0,0,0
32,7600,16,0.215,1,0,0
46,6500,28,0.527,0,0,0
31,3200,11,0.188,0,0,0
36,4000,13,0.323,0,0,1
64,4600,43,0.344,0,0,0
20,2100,0,0.611,0,0,1
20,2200,4,0.333,0,0,1
47,8600,23,0.148,4,1,0
29,1300,8,0.201,2,1,0
34,10900,11,0.241,1,0,0
28,3300,9,0.052,0,1,0
34,2600,9,0.344,0,1,0
57,8200,35,0.151,3,1,0
47,12100,29,0.347,1,0,0
48,9600,28,0.087,2,1,0
21,5000,1,0.191,1,0,0
24,7200,2,0.062,2,1,1
20,1400,4,0.331,2,0,1
28,3000,8,0.552,1,0,0
49,2800,27,0.084,1,0,0
44,9800,23,0.184,1,1,0
35,3200,9,0.162,2,0,0
37,7000,13,0.18,1,0,0
29,5600,9,0.151,0,0,0
40,2700,19,0.186,2,0,1
47,3400,25,0.115,1,0,0
20,7900,0,0.361,4,1,1
41,3000,25,0.068,0,1,0
49,5400,30,0.367,2,0,0
33,2800,17,0.085,1,0,0
46,3800,20,0.058,3,0,0
71,5700,50,0.494,2,1,0
36,2800,16,0.276,0,1,0
42,2400,18,0.343,0,0,0
29,4700,7,0.389,0,0,0
40,2900,24,0.035,1,0,0
43,2800,23,0.06,0,1,0
40,2700,21,0.121,0,0,0
25,3900,9,0.352,1,0,0
40,8200,22,0.189,0,1,0
55,12900,35,0.237,1,1,0
43,3100,23,0.296,1,1,0
49,18600,33,0.211,0,0,0
35,2200,10,0.604,0,0,0
46,9300,26,0.415,0,0,0
41,3000,20,0.42,1,0,0
26,2300,4,0.272,3,0,1
41,3000,24,0.481,1,1,0
26,3700,4,0.306,2,0,1
30,5900,11,0.484,2,0,0
40,7000,23,0.488,1,0,0
41,2600,18,0.09,4,0,0
23,2000,0,0.309,1,1,1
50,2800,27,0.385,0,1,0
44,4200,20,0.281,2,0,0
29,3600,11,0.433,0,0,1
20,2200,4,0.35,1,0,1
36,4800,10,0.316,1,0,0
32,14700,3,0.147,1,0,0
39,3100,12,0.049,4,0,0
33,3300,14,0.352,2,0,0
20,5400,4,0.337,3,0,1
33,3200,17,0.178,2,0,0
34,6600,18,0.263,1,0,1
45,3200,25,0.256,2,0,0
29,11200,2,0.383,2,0,1
58,6600,38,0.429,2,1,0
20,2500,0,0.126,0,0,1
53,3500,27,0.119,1,0,0
35,3200,16,0.269,0,0,0
48,10300,19,0.354,0,1,0
38,1900,10,0.36,0,0,0
51,3300,31,0.513,0,0,0
33,3100,15,0.722,1,0,0
24,3600,1,0.041,0,1,0
55,4500,36,0.239,2,0,0
36,1900,20,0.073,0,0,0
40,3400,14,0.163,2,1,0
52,4500,27,0.085,1,0,0
25,2600,4,0.263,2,1,0
45,7500,29,0.324,1,1,0
30,7400,14,0.119,1,0,1
36,4200,15,0.227,1,0,0
38,5200,19,0.237,2,0,0
20,1000,1,0.265,2,0,1
28,2900,3,0.094,1,0,0
54,9300,31,0.259,2,1,0
48,3600,22,0.104,2,0,0
37,2900,20,0.328,1,0,0
40,18100,21,0.432,0,0,1
34,12200,10,0.328,2,0,0
54,6700,32,0.078,1,1,0
35,7900,8,0.364,2,0,0
40,1200,18,0.236,2,1,0
51,3000,23,0.045,2,0,0
28,2900,5,0.14,0,0,0
56,4400,31,0.442,0,1,0
20,2700,1,0.2,2,1,0
57,1200,36,0.21,2,0,0
33,5100,9,0.406,2,1,0
35,5500,8,0.475,2,0,1
20,9500,0,0.347,3,0,1
32,2600,12,0.132,1,0,0
25,2200,0,0.158,1,0,0
30,900,14,0.267,3,1,0
36,3900,20,0.551,2,0,1
49,8300,26,0.369,0,1,0
40,3100,19,0.152,1,0,0
41,16200,18,0.169,0,1,0
24,3200,3,0.535,4,0,1
27,4200,4,0.226,0,1,0
59,2400,42,0.281,1,1,0
29,4600,6,0.293,1,0,1
57,1600,33,0.635,1,0,0
35,6200,10,0.377,0,1,0
38,6200,9,0.257,1,0,1
50,11200,29,0.075,2,1,0
53,2800,31,0.081,1,0,0
36,5000,20,0.17,4,1,0
33,6100,15,0.053,2,0,0
37,5700,17,0.199,1,1,0
42,2700,17,0.27,2,0,1
48,1200,30,0.307,0,0,0
38,5300,14,0.184,2,1,0
45,4300,25,0.179,1,0,0
57,3800,37,0.142,0,1,0
42,7300,21,0.376,1,0,0
41,4500,22,0.056,1,0,0
20,1600,1,0.409,2,0,1
20,1200,4,0.081,3,0,1
42,2300,22,0.355,4,0,0
36,18600,17,0.269,0,0,0
31,6500,13,0.32,2,1,1
40,5000,18,0.261,0,1,0
37,3900,14,0.264,3,1,0
51,4300,30,0.205,0,0,0
39,8700,15,0.018,1,0,0
29,2900,6,0.422,2,0,1
49,7000,30,0.236,0,0,0
35,3600,16,0.358,0,0,0
44,14900,22,0.15,1,0,0
32,6300,9,0.14,0,1,0
30,8100,4,0.194,1,0,0
39,3100,14,0.133,1,0,0
38,8600,20,0.451,0,0,0
43,3900,23,0.248,0,0,0
34,4400,11,0.4,0,1,0
20,9700,0,0.167,2,0,0
32,2100,8,0.436,2,0,1
47,5500,27,0.212,3,1,0
34,5800,18,0.41,1,1,0
35,6100,18,0.055,1,0,0
49,3700,27,0.26,1,0,0
29,13800,7,0.156,1,1,0
20,1800,4,0.27,0,0,0
36,10300,15,0.396,0,1,0
32,8300,9,0.225,0,0,0
26,12800,10,0.29,3,0,1
35,1600,10,0.178,4,0,1
43,2900,24,0.295,1,0,0
37,10100,11,0.26,3,1,0
41,1500,23,0.218,2,0,0
59,2200,43,0.451,3,1,1
33,3200,14,0.106,3,0,0
41,5200,21,0.263,2,0,0
31,10900,12,0.412,2,0,1
27,3600,7,0.414,1,0,1
30,2800,8,0.166,0,0,0
32,5100,12,0.078,0,0,0
42,6100,22,0.684,2,0,1
66,7600,50,0.491,3,0,0
29,3600,7,0.278,1,0,0
33,1300,13,0.512,2,0,1
37,2400,10,0.203,0,0,0
42,11200,25,0.259,2,1,0
41,5400,25,0.399,1,1,0
53,4100,30,0.336,3,1,0
20,7100,0,0.173,2,1,0
20,1900,4,0.699,0,0,1
32,3800,16,0.176,0,0,0
51,5200,24,0.586,1,1,0
20,2800,0,0.434,0,0,0
20,4100,4,0.327,1,0,1
44,4300,25,0.342,1,0,0
40,1900,13,0.424,1,0,1
24,4400,5,0.272,0,0,1
26,1700,7,0.237,1,0,1
26,4400,7,0.324,3,0,1
39,10700,23,0.506,2,1,0
30,3600,14,0.163,0,0,1
43,2200,18,0.37,0,0,0
20,3600,4,0.194,0,1,0
27,2400,6,0.22,2,0,1
24,5200,0,0.715,0,0,1
34,4000,18,0.512,0,0,0
31,12000,14,0.07,1,1,0
47,9300,22,0.352,1,0,0
20,3300,0,0.079,3,0,1
38,7000,20,0.412,0,0,0
44,3600,19,0.059,1,1,0
60,5300,35,0.045,1,1,0
32,3300,10,0.355,0,0,0
41,7500,24,0.138,1,0,0
20,8700,1,0.509,1,0,0
20,5900,0,0.19,1,0,0
48,8500,28,0.343,2,1,0
37,7300,13,0.314,3,0,0
52,7400,36,0.118,1,1,0
21,1900,5,0.482,0,0,0
44,13000,23,0.192,0,0,0
60,16200,41,0.273,1,1,0
43,4200,25,0.259,0,0,0
41,3800,25,0.534,1,0,0
38,6400,17,0.57,1,1,0
20,5100,0,0.103,0,0,0
54,4400,31,0.159,0,0,0
30,1900,9,0.125,0,0,0
44,5700,24,0.062,0,0,0
20,5100,0,0.153,2,0,0
23,6100,7,0.08,3,0,1
55,6300,32,0.364,5,1,0
33,3800,17,0.028,2,1,0
55,9700,38,0.125,2,0,0
37,4800,21,0.276,2,0,0
20,2800,0,0.328,0,0,1
48,4500,28,0.251,0,0,0
30,1500,10,0.177,1,0,0
46,4500,30,0.25,2,0,0
38,6800,19,0.215,0,0,0
20,4700,3,0.414,2,0,1
39,11000,17,0.174,3,0,1
64,4900,47,0.26,2,1,0
43,5900,17,0.27,0,0,0
37,7400,21,0.1,0,0,0
50,20900,33,0.202,1,1,0
40,4600,13,0.396,0,1,0
40,2400,21,0.204,2,0,0
24,6700,8,0.196,2,0,1
40,13900,19,0.038,0,0,0
50,4200,31,0.152,0,0,0
27,6800,10,0.457,2,0,1
55,11300,39,0.115,1,1,0
36,7000,4,0.257,1,0,0
27,4300,8,0.189,1,0,0
49,3400,33,0.102,0,1,0
34,3900,8,0.037,1,0,0
47,6200,24,0.291,0,1,0
34,7600,17,0.21,0,1,0
37,5500,20,0.17,1,1,0
43,3600,20,0.212,1,0,0
41,6400,21,0.012,0,1,0
20,6400,4,0.265,2,0,1
24,4600,0,0.141,1,0,0
49,3000,30,0.544,2,1,0
36,3700,10,0.274,2,0,0
31,6800,5,0.163,1,0,1
21,1700,5,0.129,1,0,0
25,1000,0,0.418,3,0,1
20,9200,2,0.622,1,1,1
36,6100,20,0.474,1,0,0
30,5900,11,0.214,0,0,0
26,2000,4,0.23,0,1,0
37,7000,18,0.279,1,1,0
42,5500,23,0.138,3,1,0
63,2100,38,0.337,2,0,0
20,8600,0,0.058,1,0,1
51,5700,34,0.63,1,1,0
49,3800,26,0.216,0,1,0
28,3200,7,0.359,1,0,0
40,1400,24,0.123,1,0,0
32,5800,10,0.453,1,0,0
40,5300,18,0.14,4,0,0
56,4600,35,0.067,1,0,0
45,9800,21,0.345,1,1,0
44,2100,26,0.739,0,1,0
32,2800,10,0.294,2,0,1
20,2300,4,0.052,3,0,1
35,3600,13,0.235,0,0,0
52,4900,24,0.349,1,0,0
20,4900,3,0.168,4,0,1
25,3300,8,0.483,2,0,1
39,2800,21,0.653,0,1,0
26,10600,5,0.241,4,0,1
28,17800,12,0.161,1,0,0
32,4500,10,0.241,1,1,0
21,2300,0,0.336,2,1,0
26,9100,3,0.177,2,0,0
46,2100,30,0.3,1,0,0
22,3000,0,0.01,1,1,0
20,2400,0,0.171,2,0,1
30,1900,6,0.296,1,1,0
46,4000,24,0.152,0,0,0
35,2600,14,0.249,2,0,1
32,4000,7,0.298,2,0,0
38,4200,10,0.099,2,0,0
20,2600,3,0.156,4,0,1
43,3600,18,0.589,0,0,0
42,4100,22,0.143,2,1,0
33,6900,13,0.114,2,0,1
50,4700,34,0.446,2,1,0
24,6400,5,0.344,4,1,1
51,7400,34,0.394,2,0,0
39,6400,20,0.403,3,0,0
33,10200,17,0.362,0,0,0
37,2300,18,0.557,1,1,0
36,3300,17,0.358,3,0,0
52,14600,31,0.374,4,1,0
25,3400,9,0.45,1,1,1
28,900,12,0.041,3,0,0
50,4300,28,0.266,0,0,0
30,4500,13,0.218,0,0,0
48,1000,23,0.09,2,1,0
58,11800,37,0.327,1,1,0
33,2700,10,0.247,2,0,1
46,5500,20,0.248,2,0,0
24,3400,5,0.27,2,0,1
47,2300,29,0.302,2,1,0
40,2300,16,0.258,1,0,1
43,2600,20,0.158,2,0,0
30,7900,10,0.082,3,1,0
20,3300,0,0.35,1,0,0
44,3500,24,0.178,2,0,0
20,2100,0,0.088,0,0,1
34,8700,13,0.021,5,0,0
49,12300,32,0.211,1,0,0
40,9200,19,0.451,2,1,0
61,7000,35,0.206,0,1,0
50,5800,28,0.351,1,1,0
30,2000,9,0.066,2,0,0
38,3800,18,0.17,1,1,0
37,2800,15,0.237,2,0,0
20,1200,0,0.193,3,0,0
26,7200,3,0.232,4,1,0
31,2800,12,0.386,2,0,1
20,7500,0,0.258,2,0,1
38,7400,16,0.097,0,1,0
35,6300,19,0.124,1,1,0
20,5300,0,0.125,3,1,1
42,3300,26,0.444,1,0,0
46,14400,24,0.255,1,0,0
40,4500,17,0.192,0,0,0
34,5000,11,0.127,0,0,0
45,3300,26,0.256,2,0,0
46,2700,24,0.191,0,1,0
41,5700,15,0.224,1,0,0
28,4200,2,0.332,3,0,1
41,2900,21,0.395,2,0,1
52,2100,31,0.32,0,0,0
30,1800,5,0.419,2,1,0
63,11900,47,0.06,3,1,0
31,2900,12,0.301,1,0,0
38,3400,12,0.428,0,0,0
29,9200,5,0.188,3,1,0
40,2300,18,0.04,0,1,0
20,2500,4,0.197,1,0,0
31,2600,11,0.385,0,0,0
24,10300,6,0.412,2,0,0
39,14500,17,0.129,1,0,0
49,8000,32,0.165,1,1,0
45,7900,29,0.366,0,0,0
20,2700,4,0.164,0,0,0
62,17100,37,0.271,0,1,0
41,5500,22,0.15,1,0,0
28,6600,7,0.12,2,0,0
39,4200,19,0.148,1,0,0
40,4000,24,0.09,1,0,0
29,11500,13,0.316,1,0,0
40,6500,24,0.028,1,1,0
30,10000,12,0.138,0,1,0
33,4800,11,0.302,0,0,1
29,2500,12,0.371,0,0,0
20,2600,0,0.428,0,1,0
39,4600,14,0.119,2,1,0
45,3200,21,0.461,0,0,0
44,2500,24,0.38,0,1,0
47,9400,20,0.359,1,0,0
41,3300,21,0.664,2,0,0
31,4600,11,0.269,4,0,1
48,5800,27,0.31,3,1,0
21,2600,0,0.353,0,0,0
27,9100,4,0.149,0,0,0
26,2100,7,0.666,1,1,1
50,6000,32,0.206,1,1,0
49,5600,26,0.324,0,0,1
43,4400,20,0.146,0,1,0
50,2400,31,0.043,0,1,0
27,6900,11,0.35,2,0,1
42,7300,22,0.305,1,0,0
36,2800,13,0.072,2,0,0
48,7000,20,0.207,2,1,0
36,5800,20,0.073,1,1,0
33,2000,14,0.165,1,0,0
44,2900,25,0.252,0,0,0
48,9200,22,0.082,1,1,0
29,4900,9,0.105,4,0,1
37,3200,20,0.349,4,0,1
25,2300,2,0.235,0,0,0
20,2700,1,0.544,3,0,1
40,3600,24,0.404,0,0,0
45,3000,28,0.187,0,0,0
41,1500,14,0.723,2,0,1
20,7200,0,0.509,3,0,1
33,7500,12,0.269,1,0,0
20,1700,0,0.129,1,0,1
54,5600,32,0.372,3,0,0
24,2200,2,0.395,1,0,1
53,4300,31,0.201,1,0,0
49,4100,28,0.279,1,0,0
27,2900,3,0.232,1,0,1
24,12600,3,0.415,0,1,0
42,3700,25,0.419,0,1,0
27,2400,9,0.252,2,0,1
39,3000,23,0.398,1,0,1
32,7100,3,0.187,0,0,0
20,1400,0,0.158,0,0,0
20,2400,3,0.241,0,0,0
40,11000,21,0.502,1,1,0
31,4900,13,0.1,0,0,0
31,4300,4,0.292,0,0,1
46,18000,30,0.152,1,0,0
52,5800,31,0.366,0,1,0
34,2800,14,0.029,0,1,0
33,3400,9,0.143,3,1,0
44,2300,24,0.266,1,0,0
21,8200,5,0.035,0,1,0
40,6400,21,0.639,2,0,0
44,9500,27,0.448,1,0,0
46,9800,25,0.148,3,0,0
20,2800,0,0.12,3,0,0
28,2400,12,0.056,4,0,0
27,3900,10,0.229,1,0,0
39,2800,21,0.358,1,1,0
43,5200,24,0.155,2,1,0
55,10100,32,0.046,0,0,0
32,3800,12,0.263,1,1,0
32,4500,10,0.149,3,1,0
51,4800,33,0.218,0,0,0
41,7400,20,0.204,1,0,0
53,3300,29,0.219,2,0,0
41,1300,23,0.484,1,0,1
24,4800,0,0.471,1,1,0
22,6700,1,0.506,0,0,0
20,4800,0,0.248,1,0,1
45,3300,25,0.059,2,0,1
52,2500,30,0.302,0,0,0
60,7400,40,0.44,0,0,0
48,5400,28,0.34,0,0,0
51,4600,29,0.296,1,1,0
31,12000,8,0.407,0,1,0
24,2300,8,0.438,0,0,1
48,13500,22,0.387,1,0,0
43,4900,27,0.261,2,1,0
39,1500,21,0.448,0,0,0
42,4200,22,0.122,0,1,0
41,8000,19,0.387,0,0,0
53,3800,26,0.253,2,1,0
53,2200,37,0.211,3,0,0
44,4400,26,0.172,0,1,0
48,3100,32,0.083,0,0,0
44,6300,23,0.143,1,1,0
32,6500,10,0.372,1,0,0
47,2400,20,0.49,2,0,1
21,2400,0,0.168,0,1,0
50,7500,25,0.082,5,1,0
23,2200,0,0.344,0,1,0
41,2400,22,0.262,2,0,0
27,2000,11,0.079,1,1,0
44,5700,22,0.189,1,1,0
37,5600,21,0.482,3,0,0
20,2400,0,0.156,1,0,1
43,4800,23,0.364,0,0,0
31,9800,6,0.155,1,1,0
48,2700,29,0.367,1,0,0
38,1300,16,0.484,1,0,0
42,6100,21,0.287,1,1,0
26,3700,6,0.067,0,0,0
30,2700,11,0.413,0,0,0
32,6100,10,0.284,0,1,0
48,8300,31,0.513,0,0,0
58,1500,42,0.102,0,1,0
28,2600,3,0.234,1,0,0
50,19500,27,0.546,1,1,0
20,5200,0,0.144,1,0,0
23,5500,0,0.085,1,0,0
26,8000,7,0.305,2,0,1
21,3700,0,0.331,2,1,0
20,5900,0,0.158,2,0,1
42,7400,26,0.411,1,0,1
35,5400,7,0.27,1,0,0
42,3700,18,0.317,0,0,0
46,5300,26,0.336,1,0,0
41,3200,18,0.343,1,1,0
45,4900,26,0.435,1,0,1
37,2100,13,0.396,1,0,1
23,2500,7,0.063,1,0,0
50,4400,34,0.183,1,0,0
30,2300,6,0.354,1,0,0
26,2900,6,0.196,2,0,0
35,3900,14,0.213,1,0,0
27,5200,11,0.402,0,0,0
32,6700,4,0.196,1,1,0
42,3400,17,0.237,1,0,1
42,10300,22,0.23,2,0,0
27,7000,8,0.319,1,0,0
32,5300,7,0.618,2,1,0
50,5100,22,0.276,2,0,0
43,5400,19,0.221,3,0,1
62,10500,33,0.123,1,0,0
52,10900,35,0.3,1,1,0
51,11500,34,0.149,4,0,1
21,3900,5,0.184,0,0,0
47,6700,25,0.441,3,0,0
37,9800,16,0.203,3,1,0
31,2800,11,0.716,1,0,1
40,3600,16,0.533,0,1,0
49,4800,24,0.168,2,1,0
44,8400,28,0.435,1,0,0
27,7000,9,0.202,2,0,1
46,4100,22,0.097,3,0,0
30,1700,11,0.236,0,0,0
40,5400,23,0.451,0,0,0
34,2300,9,0.168,1,1,0
35,1900,19,0.219,2,0,0
47,2300,28,0.264,0,1,0
25,4600,3,0.359,1,0,0
61,12600,43,0.079,2,1,0
20,3700,0,0.443,1,1,1
30,4700,12,0.153,1,0,0
42,8900,16,0.475,1,0,1
45,1800,25,0.379,2,1,1
36,5800,13,0.488,1,0,1
37,4200,14,0.172,0,1,0
42,6600,24,0.2,0,0,0
35,3300,19,0.338,0,0,0
54,3100,32,0.436,1,0,0
48,5400,27,0.242,3,1,0
48,12900,25,0.434,0,0,0
26,6600,6,0.121,1,0,0
37,3300,18,0.221,2,0,1
34,1700,5,0.325,0,0,1
25,1400,9,0.214,1,0,0
42,9900,19,0.044,3,0,0
31,2400,13,0.163,2,0,0
45,4000,26,0.175,2,0,0
25,8600,6,0.247,0,0,0
58,2100,41,0.237,0,1,0
27,9300,4,0.237,0,0,0
40,3600,14,0.151,0,0,0
47,2400,25,0.353,0,0,1
31,3500,10,0.114,0,1,0
48,3300,31,0.38,0,1,0
23,4700,0,0.58,2,0,1
55,3300,26,0.465,1,0,0
38,1500,19,0.126,2,1,0
30,3600,11,0.265,2,1,0
34,1900,16,0.432,3,0,1
47,5500,28,0.248,3,1,0
30,2100,14,0.544,0,1,0
29,2900,7,0.249,0,0,0
35,5000,18,0.383,1,0,0
23,3500,7,0.203,0,0,0
59,6000,35,0.327,3,1,0
31,6500,15,0.196,1,0,0
47,2400,28,0.197,2,1,0
40,4100,14,0.447,1,0,0
26,900,10,0.029,1,0,0
37,5300,21,0.055,1,0,0
47,3900,25,0.083,4,0,0
35,2200,10,0.542,4,1,1
52,6400,36,0.125,1,0,0
50,10000,28,0.697,1,1,0
49,3600,26,0.065,1,0,0
32,2500,16,0.048,5,0,0
25,4000,1,0.169,1,1,0
30,1700,6,0.248,3,0,1
40,3000,21,0.352,1,0,1
44,9300,18,0.151,2,0,0
20,3800,0,0.537,2,0,1
37,1400,16,0.449,1,0,0
39,1500,20,0.206,0,0,0
34,4800,17,0.4,1,0,0
53,8600,33,0.198,2,1,0
43,1800,20,0.166,3,0,0
53,6800,34,0.377,1,0,0
35,10000,19,0.175,1,0,0
49,14500,23,0.306,1,1,0
57,6400,36,0.233,1,1,0
53,7000,34,0.424,2,0,0
24,1000,0,0.328,1,0,0
34,13900,7,0.33,2,0,0
33,3200,17,0.237,1,0,1
43,2700,21,0.494,0,0,0
46,4300,30,0.153,5,1,0
27,9600,5,0.362,0,0,0
38,16600,17,0.059,1,0,0
20,3900,0,0.342,2,0,0
55,9600,36,0.321,0,0,0
31,4400,15,0.573,3,1,1
38,2500,19,0.387,1,1,0
34,10100,12,0.104,0,0,0
51,3300,26,0.269,1,1,0
20,9600,4,0.158,1,0,0
37,9100,12,0.136,1,0,0
36,6500,18,0.232,0,1,0
32,12300,10,0.013,1,1,0
58,20800,40,0.457,0,1,0
27,3500,6,0.318,0,1,0
47,2800,23,0.117,2,0,0
42,1600,26,0.175,0,0,0
53,20100,35,0.197,1,1,0
29,3100,8,0.144,1,0,1
29,7200,0,0.153,1,1,0
51,3300,34,0.272,1,1,0
43,10800,14,0.455,1,0,1
20,2400,0,0.461,1,0,0
31,2000,11,0.397,1,0,0
42,4100,23,0.112,1,0,0
48,3600,30,0.173,0,0,0
29,5800,9,0.349,2,1,1
20,3700,4,0.153,1,0,0
44,6900,24,0.301,2,1,0
23,3100,0,0.039,1,0,0
20,2500,2,0.337,0,0,0
20,2600,0,0.601,1,0,0
47,17200,31,0.407,0,0,0
39,5100,17,0.475,1,1,0
35,1300,13,0.395,0,0,0
54,3800,33,0.303,1,0,0
45,5100,25,0.569,1,0,0
57,16200,38,0.137,2,1,0
21,6700,0,0.364,1,0,1
37,2500,17,0.436,4,1,1
20,15500,0,0.137,2,0,1
35,4200,14,0.249,1,0,0
35,8700,10,0.235,1,1,0
45,2300,22,0.469,0,0,1
38,1100,17,0.252,1,0,0
45,2000,18,0.196,0,0,0
46,1000,24,0.476,0,0,1
63,18900,37,0.48,2,1,0
34,4700,11,0.54,2,1,0
26,2400,10,0.074,1,0,0
40,5600,14,0.411,1,1,0
28,4500,7,0.075,2,0,0
55,7600,35,0.453,1,0,0
34,8600,12,0.502,1,0,1
31,3600,12,0.272,1,0,0
32,2400,11,0.105,1,1,0
46,8100,28,0.402,2,1,0
36,6600,10,0.067,0,0,0
30,4400,10,0.085,2,0,1
57,19800,38,0.395,2,1,0
27,3200,10,0.102,0,0,0
38,2500,16,0.637,1,1,0
45,6100,24,0.474,2,0,1
20,2400,0,0.196,0,0,0
43,6600,27,0.069,2,0,0
25,2400,9,0.114,2,1,0
47,3800,24,0.465,1,1,0
26,11300,0,0.651,1,0,1
46,4000,30,0.178,1,1,0
51,3000,24,0.545,3,1,0
48,9700,26,0.313,2,1,0
41,2400,21,0.296,1,0,0
35,2900,16,0.348,1,1,0
31,6100,15,0.323,4,0,1
55,8900,31,0.108,1,0,0
29,8700,12,0.341,2,0,0
25,2500,8,0.416,1,1,0
45,6600,21,0.128,0,1,0
28,3200,12,0.529,1,0,0
26,2800,10,0.267,3,1,0
20,7500,0,0.048,1,0,1
32,2900,10,0.114,2,0,1
37,5100,15,0.101,0,0,0
40,5000,21,0.182,0,0,0
49,2300,18,0.457,3,0,0
44,8400,24,0.368,0,1,0
35,6100,15,0.061,1,1,0
35,1300,18,0.099,1,0,1
44,5500,23,0.685,1,0,0
53,3200,30,0.036,1,0,0
39,8200,14,0.289,3,1,0
32,1800,16,0.035,2,1,0
26,3100,6,0.105,4,0,1
20,4500,0,0.56,1,0,1
45,4800,22,0.276,0,0,0
44,7500,23,0.041,3,0,0
44,1900,21,0.141,0,0,0
36,12100,19,0.08,1,0,0
54,6700,27,0.454,0,0,0
32,9000,8,0.17,3,0,0
49,8800,33,0.248,2,0,0
37,4500,21,0.27,1,0,0
30,2000,14,0.518,2,0,0
45,3300,22,0.427,1,1,0
42,12500,26,0.489,2,0,0
42,10800,23,0.108,1,1,0
38,3000,16,0.073,2,0,0
37,1000,17,0.237,3,0,1
66,5000,44,0.602,2,1,0
52,4500,36,0.452,1,1,0
46,4000,23,0.371,0,0,0
39,6300,21,0.282,2,0,0
50,8600,31,0.125,2,0,0
44,8500,23,0.324,0,1,0
38,5800,17,0.023,0,1,0
34,1400,13,0.483,1,0,1
37,3800,20,0.374,1,0,0
20,14700,1,0.183,0,0,0
40,5700,19,0.337,1,0,0
32,5400,16,0.162,3,1,1
57,6600,38,0.166,1,0,0
38,5600,16,0.406,0,0,0
23,1000,7,0.43,1,1,0
37,3700,12,0.094,1,0,0
25,3600,0,0.194,2,0,0
43,10600,27,0.231,4,0,1
41,4400,15,0.375,1,1,0
49,1900,29,0.184,2,0,0
28,5100,6,0.374,3,0,1
38,2700,19,0.595,1,0,1
21,1800,0,0.102,0,0,0
46,2900,24,0.394,1,0,0
44,6700,27,0.096,1,0,0
43,10300,27,0.353,2,0,0
38,6200,22,0.143,1,0,0
42,6700,21,0.38,1,0,0
57,6800,34,0.16,2,1,0
34,4400,11,0.151,1,0,0
39,6800,19,0.268,1,0,0
24,1000,8,0.145,1,0,0
27,4300,9,0.073,0,1,0
39,2200,14,0.095,3,0,0
51,10200,32,0.079,0,1,0
34,3800,13,0.475,3,0,0
35,4600,19,0.283,1,0,0
33,1700,11,0.513,3,0,1
31,7700,12,0.138,2,1,0
41,6400,16,0.163,2,0,0
20,5100,0,0.55,1,0,1
53,3100,34,0.102,3,0,0
30,2600,10,0.251,1,0,0
46,5700,28,0.409,3,1,0
22,2600,6,0.481,0,0,1
46,6400,29,0.108,3,0,0
46,1300,25,0.355,1,0,0
42,3400,20,0.134,2,0,0
26,11400,5,0.627,1,1,0
40,5900,21,0.144,0,0,0
23,4000,0,0.249,1,0,1
34,14000,13,0.125,2,1,0
50,1200,27,0.477,4,0,1
47,3100,31,0.466,0,0,0
38,3700,22,0.403,1,1,0
26,6400,4,0.115,0,0,0
45,8400,29,0.385,0,0,0
38,2700,18,0.085,1,1,0
20,6700,1,0.057,2,0,0
47,3600,20,0.265,1,1,0
37,8900,15,0.327,1,0,0
52,2800,31,0.566,1,1,1
24,3400,0,0.041,0,0,1
20,2700,0,0.09,1,0,0
41,8800,22,0.161,1,0,0
41,3200,16,0.192,1,0,0
20,3700,4,0.545,1,0,1
26,5100,4,0.273,1,0,1
71,8300,50,0.294,1,0,0
34,7200,13,0.451,3,1,1
46,5400,25,0.417,0,1,0
30,2900,3,0.306,2,1,0
20,3200,4,0.361,2,0,1
35,4500,17,0.362,2,1,0
34,4700,10,0.01,1,0,0
33,3800,11,0.315,3,1,1
36,4400,15,0.356,2,1,0
41,2000,24,0.465,3,0,1
36,6600,18,0.404,1,1,0
22,4100,0,0.158,2,0,0
43,8500,23,0.154,2,0,1
20,3600,0,0.066,1,0,0
20,1300,0,0.096,0,0,0
46,4000,30,0.358,0,0,0
44,4000,20,0.21,3,1,0
37,6700,14,0.411,0,1,0
21,1100,0,0.102,1,0,0
29,4300,13,0.059,1,0,0
34,5600,10,0.493,0,0,0
20,2500,4,0.203,1,0,0
29,4200,8,0.204,0,1,0
45,3200,21,0.022,0,1,0
55,3600,39,0.305,1,1,0
32,3200,12,0.216,1,0,0
47,3300,29,0.097,0,0,0
20,5600,2,0.309,1,1,0
45,3000,23,0.436,1,1,0
28,2200,3,0.169,1,0,0
41,13300,21,0.339,5,1,0
35,7600,14,0.36,0,0,0
53,1700,32,0.036,2,0,0
27,2500,6,0.086,4,0,1
45,5700,29,0.125,0,1,0
34,4900,9,0.141,2,1,0
36,1800,14,0.247,0,1,0
35,8500,13,0.41,0,1,0
27,6800,10,0.237,1,0,0
37,6000,18,0.304,0,0,0
37,9900,17,0.349,1,0,0
40,6200,24,0.259,0,0,0
39,6200,23,0.149,2,1,0
47,12700,29,0.104,1,0,0
49,9300,26,0.169,1,0,0
25,2400,7,0.452,1,0,1
48,7400,32,0.157,0,0,0
23,2600,6,0.05,2,0,1
45,6500,26,0.313,2,0,0
45,6400,26,0.048,1,1,0
20,1600,0,0.194,4,0,1
39,4000,14,0.143,1,1,0
32,4700,7,0.255,1,0,0
28,2900,3,0.114,0,0,0
54,6400,37,0.221,0,0,0
30,6900,14,0.254,1,1,0
28,4100,12,0.032,0,0,0
38,4800,12,0.079,1,1,0
46,11300,28,0.362,1,0,0
36,6000,20,0.264,0,1,0
51,5700,32,0.339,0,0,0
44,2600,24,0.219,1,0,0
20,5400,0,0.656,1,0,0
31,4900,9,0.135,1,0,0
31,9300,14,0.65,1,0,1
43,4600,20,0.087,0,0,0
20,1200,2,0.392,0,0,0
68,2100,48,0.384,1,1,0
44,7200,21,0.294,3,0,1
39,3300,21,0.322,3,1,0
52,6700,34,0.076,3,1,0
66,6000,43,0.314,3,0,0
48,4600,31,0.116,3,1,0
49,4700,30,0.169,0,0,0
39,2600,16,0.24,2,0,0
36,3900,7,0.334,1,0,1
32,2900,9,0.127,2,0,0
28,3100,6,0.04,2,0,0
29,3200,6,0.359,1,0,0
21,3400,5,0.524,1,0,1
37,7600,16,0.455,2,0,1
20,3400,0,0.325,2,0,0
40,8200,18,0.399,0,0,0
37,11000,16,0.346,0,0,0
39,7400,17,0.377,0,0,0
31,5800,12,0.43,1,0,1
74,7200,50,0.126,3,0,0
54,9000,38,0.253,1,1,0
23,4000,4,0.695,1,0,0
40,7800,14,0.234,1,1,0
30,5800,8,0.287,3,0,1
25,3100,5,0.197,1,0,0
21,6200,0,0.494,3,0,1
43,5100,27,0.165,0,0,0
29,4000,13,0.292,1,0,0
49,3400,22,0.036,2,0,0
49,5400,28,0.09,1,0,0
54,9400,34,0.693,0,1,0
27,7100,11,0.38,2,0,1
43,5700,21,0.185,2,1,0
45,6600,22,0.137,3,1,0
32,9400,16,0.293,0,0,0
28,3600,8,0.44,2,1,0
57,2800,38,0.05,2,0,0
40,9700,18,0.202,1,0,0
45,3500,29,0.147,2,0,0
28,2500,2,0.467,1,0,1
23,1200,0,0.095,2,0,1
31,5900,12,0.181,2,0,0
36,1700,16,0.12,0,0,0
25,2400,5,0.23,0,1,0
37,6500,20,0.042,2,0,0
20,5700,1,0.277,1,0,1
24,2700,5,0.201,0,1,0
46,4200,19,0.158,2,0,0
45,2800,21,0.153,1,0,0
33,2900,9,0.17,2,1,0
25,4500,3,0.162,1,0,0
25,3000,9,0.235,0,0,0
33,3600,13,0.218,0,0,0
45,1900,21,0.051,1,1,0
49,10200,33,0.089,1,1,0
32,5500,9,0.075,0,0,0
24,5900,0,0.106,2,0,1
41,9500,16,0.365,2,1,0
28,2300,2,0.172,2,0,1
31,3300,10,0.292,2,0,1
53,1600,29,0.232,2,1,0
47,32700,29,0.014,0,1,0
39,3900,15,0.096,2,0,0
22,6800,0,0.186,3,0,1
40,2100,18,0.088,0,0,0
50,8600,24,0.102,1,0,0
33,13200,15,0.254,4,1,0
54,5000,34,0.43,0,0,0
53,2800,32,0.253,3,0,0
57,5100,41,0.348,2,0,0
41,1200,20,0.191,1,0,0
45,4900,29,0.321,0,1,0
54,8200,29,0.178,1,1,0
43,4600,22,0.557,2,0,1
31,3600,13,0.122,0,0,1
32,5900,15,0.259,1,1,0
40,6500,20,0.383,1,0,0
22,1300,0,0.152,0,0,0
36,4400,13,0.284,2,0,0
51,22200,33,0.324,1,1,0
20,1700,3,0.303,0,0,1
56,4900,33,0.118,0,1,0
51,16500,33,0.129,2,1,0
32,8100,11,0.285,0,0,1
44,3500,23,0.312,2,0,0
38,4900,16,0.314,2,1,0
52,4900,28,0.607,1,1,1
49,3200,33,0.466,0,1,0
21,3700,5,0.046,2,0,0
45,4100,27,0.157,1,0,0
35,4200,7,0.299,0,0,1
38,2600,9,0.269,0,0,0
29,1700,1,0.066,0,0,1
58,5300,38,0.164,1,0,0
50,14500,34,0.362,1,1,0
29,4400,13,0.051,1,0,0
21,3100,3,0.038,0,0,0
33,6600,13,0.357,2,0,0
43,4000,17,0.042,0,0,0
40,13400,16,0.424,1,0,0
53,5000,32,0.287,1,1,0
47,7600,30,0.171,5,1,0
49,3200,32,0.196,1,0,0
41,6100,19,0.355,0,0,0
21,4300,0,0.221,3,0,1
35,4100,13,0.244,1,0,1
50,3800,34,0.396,1,0,0
37,2900,14,0.545,0,0,1
44,5500,22,0.166,0,1,0
34,6500,18,0.124,2,0,0
25,3700,8,0.631,2,0,1
36,5000,13,0.061,1,0,0
41,4500,21,0.14,0,1,0
30,4000,3,0.066,0,0,0
35,3700,12,0.294,1,0,0
26,4000,7,0.293,0,0,0
51,25500,31,0.123,2,0,0
34,5100,13,0.534,2,0,0
55,7900,37,0.218,1,0,0
56,7000,39,0.363,1,1,0
37,3600,14,0.297,1,1,0
25,8000,1,0.162,0,0,0
20,3100,0,0.379,0,1,0
20,6900,0,0.457,0,1,1
21,3100,3,0.136,1,0,0
54,2700,27,0.287,1,0,0
39,5700,22,0.151,0,1,0
42,2500,26,0.112,1,0,0
20,5200,4,0.178,0,0,1
23,1900,4,0.442,3,1,0
48,4100,30,0.525,0,0,0
41,1800,18,0.636,1,0,0
36,23500,15,0.207,2,0,0
44,1800,28,0.462,0,1,0
57,5500,38,0.186,3,0,0
35,8600,16,0.175,1,0,0
38,8700,22,0.441,2,0,0
40,7900,23,0.281,0,1,0
66,4800,49,0.549,1,0,0
20,8200,0,0.052,3,0,0
46,8300,25,0.456,1,1,0
36,4800,13,0.224,0,0,0
44,5700,28,0.348,2,0,0
30,3200,5,0.266,2,0,1
37,2400,11,0.315,1,1,0
46,10400,30,0.297,1,0,0
75,13000,50,0.339,0,1,0
47,2800,25,0.16,1,1,0
27,3500,4,0.086,2,0,0
